{
  "intents": [
    {
      "triggerQueries": [
        "チームとチャネルの違いは何ですか？"
      ],
      "dialogId": "new_topic_fd3418de732746be987bb5daba217e07",
      "isTriggeringEnabled": true,
      "id": "new_topic_fd3418de732746be987bb5daba217e07",
      "displayName": "チームとチャネルの違いは何ですか？",
      "description": "https://adoptionbot-test.azurewebsites.net/adoptbot2021-Japanese.xlsx",
      "createdTime": "2021-03-25T06:43:08.5581282Z",
      "updatedTime": "2021-03-25T06:51:22.2270078Z",
      "createdUserId": "93a3e0a0-a0f7-4803-ab57-3609dfe6e344",
      "updatedUserId": "93a3e0a0-a0f7-4803-ab57-3609dfe6e344"
    }
  ],
  "dialogs": [
    {
      "rootNodeId": "bd350b35-829e-49ca-9b85-6e21ce791213",
      "messageNodes": [
        {
          "botMessageId": "71a527e4-6256-4660-bf0d-882b5dbaa6ee",
          "nodeType": "BotMessageNode",
          "id": "bd350b35-829e-49ca-9b85-6e21ce791213",
          "defaultTargetNodeId": "bf5e837a-8f95-4d6e-8fe6-eb8b9144b457"
        }
      ],
      "dialogChangeNodes": [
        {
          "targetDialogId": "new_topic_9215a13fa73a4559acc63305146a7bd8_aeabea4d071f415c8c107e1cb7af5424_assumedsuccess",
          "nodeType": "DialogChangeNode",
          "id": "bf5e837a-8f95-4d6e-8fe6-eb8b9144b457"
        }
      ],
      "id": "new_topic_fd3418de732746be987bb5daba217e07",
      "displayName": "Dialog for チームとチャネルの違いは何ですか？",
      "createdTime": "2021-03-25T06:43:08.5581282Z",
      "updatedTime": "2021-03-26T04:37:12.692211Z",
      "createdUserId": "93a3e0a0-a0f7-4803-ab57-3609dfe6e344",
      "updatedUserId": "93a3e0a0-a0f7-4803-ab57-3609dfe6e344"
    }
  ],
  "botMessages": [
    {
      "channelContent": {
        "web": {
          "contentFormat": "Markdown",
          "content": "チームとは、組織で大きな作業を行うために集まった人々のグループです。組織全体の場合もあります。\n\nチームは、チーム メンバーとのコラボレーションとコミュニケーションを行うチャネルで構成されます。各チャネルは、特定のトピック、部門、またはプロジェクトで構成されます。\n\nたとえば、チームには、一般的な、マーケティング、インスピレーション、およびより多くのチャネルがある場合があります。マーケティング チャネル内のすべての会話、会議、ファイル、アプリはマーケティングに関係しており、そのチャネル内のすべてがチームの全員に表示されます。\n\nチャネルは、実際に作業が行われる場所、チーム全体の[テキスト、オーディオ、ビデオの会話](https://support.microsoft.com/ja-jp/office/teams-%e3%81%a7%e3%81%ae%e4%bc%9a%e8%ad%b0-e0b0ae21-53ee-4462-a50d-ca9b9e217b67?ui=ja-JP&rs=ja-JP&ad=JP)がオープンに行われる場所、ファイルが共有される場所、および[アプリが追加](https://support.microsoft.com/ja-jp/office/microsoft-teams-%e3%81%ab%e3%82%a2%e3%83%97%e3%83%aa%e3%82%92%e8%bf%bd%e5%8a%a0%e3%81%99%e3%82%8b-b2217706-f7ed-4e64-8e96-c413afd02f77?ui=ja-JP&rs=ja-JP&ad=JP)される場所です。\n\nチャネルの会話は公開されますが、チャットは自分と他の人 (またはユーザーのグループ) との間だけです。Skype for Business や他のメッセージング アプリのインスタント メッセージのように考えます。"
        }
      },
      "id": "71a527e4-6256-4660-bf0d-882b5dbaa6ee",
      "createdTime": "2021-03-25T06:43:08.5581282Z",
      "updatedTime": "2021-03-25T06:43:08.5581282Z",
      "createdUserId": "93a3e0a0-a0f7-4803-ab57-3609dfe6e344",
      "updatedUserId": "93a3e0a0-a0f7-4803-ab57-3609dfe6e344"
    }
  ],
  "createdUtc": "0001-01-01T00:00:00Z"
}