<bot_botcomponentset>
  <bot_botcomponent botcomponentid.schemaname="new_topic_f2e9c549401a47a6b7835af7271b0ac2" botid.schemaname="new_bot_9215a13fa73a4559acc63305146a7bd8">
    <iscustomizable>1</iscustomizable>
  </bot_botcomponent>
  <bot_botcomponent botcomponentid.schemaname="new_topic_14674d3085e14df99f08ec01c795743e" botid.schemaname="new_bot_9215a13fa73a4559acc63305146a7bd8">
    <iscustomizable>1</iscustomizable>
  </bot_botcomponent>
  <bot_botcomponent botcomponentid.schemaname="new_topic_1b445e5d4ebb4bceb802bad633b8fc7b" botid.schemaname="new_bot_9215a13fa73a4559acc63305146a7bd8">
    <iscustomizable>1</iscustomizable>
  </bot_botcomponent>
  <bot_botcomponent botcomponentid.schemaname="new_topic_b59a83dd04bb42f6ab79ca54c700b07c" botid.schemaname="new_bot_9215a13fa73a4559acc63305146a7bd8">
    <iscustomizable>1</iscustomizable>
  </bot_botcomponent>
  <bot_botcomponent botcomponentid.schemaname="new_topic_9d81c9d0fad14d3f9f76621e089ea114" botid.schemaname="new_bot_9215a13fa73a4559acc63305146a7bd8">
    <iscustomizable>1</iscustomizable>
  </bot_botcomponent>
  <bot_botcomponent botid.schemaname="new_bot_9215a13fa73a4559acc63305146a7bd8" botcomponentid.schemaname="new_topic_a41ba0c87a7c4422a780e7f7888fe838">
    <iscustomizable>1</iscustomizable>
  </bot_botcomponent>
  <bot_botcomponent botid.schemaname="new_bot_9215a13fa73a4559acc63305146a7bd8" botcomponentid.schemaname="new_topic_89149d858fb54a3f83920cca4df9e4de">
    <iscustomizable>1</iscustomizable>
  </bot_botcomponent>
  <bot_botcomponent botcomponentid.schemaname="new_topic_cb35001706314113a99e3cb347ea9a0b" botid.schemaname="new_bot_9215a13fa73a4559acc63305146a7bd8">
    <iscustomizable>1</iscustomizable>
  </bot_botcomponent>
  <bot_botcomponent botid.schemaname="new_bot_9215a13fa73a4559acc63305146a7bd8" botcomponentid.schemaname="new_topic_af76164db13a42db8ae46ddbe72de4b5">
    <iscustomizable>1</iscustomizable>
  </bot_botcomponent>
  <bot_botcomponent botcomponentid.schemaname="new_topic_79881c756f7b45e9b6927b7ba01affcf" botid.schemaname="new_bot_9215a13fa73a4559acc63305146a7bd8">
    <iscustomizable>1</iscustomizable>
  </bot_botcomponent>
  <bot_botcomponent botid.schemaname="new_bot_9215a13fa73a4559acc63305146a7bd8" botcomponentid.schemaname="new_topic_844cd8c8bae748e18cd190a2dd8aed0c">
    <iscustomizable>1</iscustomizable>
  </bot_botcomponent>
  <bot_botcomponent botid.schemaname="new_bot_9215a13fa73a4559acc63305146a7bd8" botcomponentid.schemaname="new_topic_fd3418de732746be987bb5daba217e07">
    <iscustomizable>1</iscustomizable>
  </bot_botcomponent>
  <bot_botcomponent botcomponentid.schemaname="new_topic_fe9406f32dcf45bd82c5c9c7a9e6693c" botid.schemaname="new_bot_9215a13fa73a4559acc63305146a7bd8">
    <iscustomizable>1</iscustomizable>
  </bot_botcomponent>
  <bot_botcomponent botcomponentid.schemaname="new_topic_b6d217640bad456181fb1cc8c9598587" botid.schemaname="new_bot_9215a13fa73a4559acc63305146a7bd8">
    <iscustomizable>1</iscustomizable>
  </bot_botcomponent>
  <bot_botcomponent botcomponentid.schemaname="new_topic_7fd949d37a534e66a3952b3ce8951673" botid.schemaname="new_bot_9215a13fa73a4559acc63305146a7bd8">
    <iscustomizable>1</iscustomizable>
  </bot_botcomponent>
  <bot_botcomponent botid.schemaname="new_bot_9215a13fa73a4559acc63305146a7bd8" botcomponentid.schemaname="new_topic_52258c29a74e46baa32b6a0a782a3241">
    <iscustomizable>1</iscustomizable>
  </bot_botcomponent>
  <bot_botcomponent botcomponentid.schemaname="new_topic_ce1f2e416d7a418a911f46a218dcf081" botid.schemaname="new_bot_9215a13fa73a4559acc63305146a7bd8">
    <iscustomizable>1</iscustomizable>
  </bot_botcomponent>
  <bot_botcomponent botcomponentid.schemaname="new_topic_8b00049e47af46ffbed32fdce764845e" botid.schemaname="new_bot_9215a13fa73a4559acc63305146a7bd8">
    <iscustomizable>1</iscustomizable>
  </bot_botcomponent>
  <bot_botcomponent botid.schemaname="new_bot_9215a13fa73a4559acc63305146a7bd8" botcomponentid.schemaname="new_topic_65810ea26ad1467395912242450a4d21">
    <iscustomizable>1</iscustomizable>
  </bot_botcomponent>
  <bot_botcomponent botcomponentid.schemaname="new_topic_07c6094ee8df4bc48f00a63cdfda165f" botid.schemaname="new_bot_9215a13fa73a4559acc63305146a7bd8">
    <iscustomizable>1</iscustomizable>
  </bot_botcomponent>
  <bot_botcomponent botcomponentid.schemaname="new_topic_a243214edfd1417ebb7c00684dd0b08b" botid.schemaname="new_bot_9215a13fa73a4559acc63305146a7bd8">
    <iscustomizable>1</iscustomizable>
  </bot_botcomponent>
  <bot_botcomponent botid.schemaname="new_bot_9215a13fa73a4559acc63305146a7bd8" botcomponentid.schemaname="new_topic_6b4a8e8e19284ea38f6c0196dbb75f11">
    <iscustomizable>1</iscustomizable>
  </bot_botcomponent>
  <bot_botcomponent botcomponentid.schemaname="new_topic_b814a69407dd45898b7d3a26389d5130" botid.schemaname="new_bot_9215a13fa73a4559acc63305146a7bd8">
    <iscustomizable>1</iscustomizable>
  </bot_botcomponent>
  <bot_botcomponent botcomponentid.schemaname="new_topic_89f3b3bdcb954960baf17402f70d46e8" botid.schemaname="new_bot_9215a13fa73a4559acc63305146a7bd8">
    <iscustomizable>1</iscustomizable>
  </bot_botcomponent>
  <bot_botcomponent botcomponentid.schemaname="new_topic_6c2cc6bd9be9403d85d809ece1fafc22" botid.schemaname="new_bot_9215a13fa73a4559acc63305146a7bd8">
    <iscustomizable>1</iscustomizable>
  </bot_botcomponent>
  <bot_botcomponent botid.schemaname="new_bot_9215a13fa73a4559acc63305146a7bd8" botcomponentid.schemaname="new_topic_3aefacccd61141f2a78052d9e26d133b">
    <iscustomizable>1</iscustomizable>
  </bot_botcomponent>
  <bot_botcomponent botcomponentid.schemaname="new_topic_ba965a83066745f1abcb1f5f940ce456" botid.schemaname="new_bot_9215a13fa73a4559acc63305146a7bd8">
    <iscustomizable>1</iscustomizable>
  </bot_botcomponent>
  <bot_botcomponent botid.schemaname="new_bot_9215a13fa73a4559acc63305146a7bd8" botcomponentid.schemaname="new_topic_deb3002270844a11b08d065d0ca15ffc">
    <iscustomizable>1</iscustomizable>
  </bot_botcomponent>
  <bot_botcomponent botid.schemaname="new_bot_9215a13fa73a4559acc63305146a7bd8" botcomponentid.schemaname="new_topic_a9de11e091434e89aa2586314e84f827">
    <iscustomizable>1</iscustomizable>
  </bot_botcomponent>
  <bot_botcomponent botid.schemaname="new_bot_9215a13fa73a4559acc63305146a7bd8" botcomponentid.schemaname="new_topic_aeb45308bd544157958c80e18ddae233">
    <iscustomizable>1</iscustomizable>
  </bot_botcomponent>
  <bot_botcomponent botid.schemaname="new_bot_9215a13fa73a4559acc63305146a7bd8" botcomponentid.schemaname="new_topic_2c206dfd5891438c976cdb40d8f2276b">
    <iscustomizable>1</iscustomizable>
  </bot_botcomponent>
  <bot_botcomponent botcomponentid.schemaname="new_topic_72bd95e2f2574090ba451cab2236ab87" botid.schemaname="new_bot_9215a13fa73a4559acc63305146a7bd8">
    <iscustomizable>1</iscustomizable>
  </bot_botcomponent>
  <bot_botcomponent botid.schemaname="new_bot_9215a13fa73a4559acc63305146a7bd8" botcomponentid.schemaname="new_topic_ec760cb9dcc74f348bda103193ed7bfd">
    <iscustomizable>1</iscustomizable>
  </bot_botcomponent>
  <bot_botcomponent botcomponentid.schemaname="new_topic_a9b58d65b23244c48ae25d4dafc00a44" botid.schemaname="new_bot_9215a13fa73a4559acc63305146a7bd8">
    <iscustomizable>1</iscustomizable>
  </bot_botcomponent>
  <bot_botcomponent botcomponentid.schemaname="new_topic_7f4fbc60009b4af1a35c5faa9eea3964" botid.schemaname="new_bot_9215a13fa73a4559acc63305146a7bd8">
    <iscustomizable>1</iscustomizable>
  </bot_botcomponent>
  <bot_botcomponent botid.schemaname="new_bot_9215a13fa73a4559acc63305146a7bd8" botcomponentid.schemaname="new_topic_19a05a4516a14e0c99561cc68cf82690">
    <iscustomizable>1</iscustomizable>
  </bot_botcomponent>
  <bot_botcomponent botid.schemaname="new_bot_9215a13fa73a4559acc63305146a7bd8" botcomponentid.schemaname="new_topic_a481855164f9430191ce42e68a7ef579">
    <iscustomizable>1</iscustomizable>
  </bot_botcomponent>
  <bot_botcomponent botcomponentid.schemaname="new_topic_c676d26ea5aa462c917e716676601351" botid.schemaname="new_bot_9215a13fa73a4559acc63305146a7bd8">
    <iscustomizable>1</iscustomizable>
  </bot_botcomponent>
  <bot_botcomponent botcomponentid.schemaname="new_topic_ad45fb92625343cba15d52e3ffe59eb5" botid.schemaname="new_bot_9215a13fa73a4559acc63305146a7bd8">
    <iscustomizable>1</iscustomizable>
  </bot_botcomponent>
  <bot_botcomponent botcomponentid.schemaname="new_topic_8d182cbfb8f14fcea1e133edc3314cb9" botid.schemaname="new_bot_9215a13fa73a4559acc63305146a7bd8">
    <iscustomizable>1</iscustomizable>
  </bot_botcomponent>
  <bot_botcomponent botcomponentid.schemaname="new_topic_f80542c1600c4d9793acc05070be4cad" botid.schemaname="new_bot_9215a13fa73a4559acc63305146a7bd8">
    <iscustomizable>1</iscustomizable>
  </bot_botcomponent>
  <bot_botcomponent botcomponentid.schemaname="new_topic_23ed035c323f4926826fdd836009e543" botid.schemaname="new_bot_9215a13fa73a4559acc63305146a7bd8">
    <iscustomizable>1</iscustomizable>
  </bot_botcomponent>
  <bot_botcomponent botcomponentid.schemaname="new_topic_b262edf8a1fc44abb2f41a50327b2a4f" botid.schemaname="new_bot_9215a13fa73a4559acc63305146a7bd8">
    <iscustomizable>1</iscustomizable>
  </bot_botcomponent>
  <bot_botcomponent botcomponentid.schemaname="new_topic_189374574d49452dab23d08305f622cf" botid.schemaname="new_bot_9215a13fa73a4559acc63305146a7bd8">
    <iscustomizable>1</iscustomizable>
  </bot_botcomponent>
  <bot_botcomponent botid.schemaname="new_bot_9215a13fa73a4559acc63305146a7bd8" botcomponentid.schemaname="new_topic_8e00df07414e490f8723293dcbe71d12">
    <iscustomizable>1</iscustomizable>
  </bot_botcomponent>
  <bot_botcomponent botcomponentid.schemaname="new_topic_99ddc6bf5d1a4bd282fea4b75347d121" botid.schemaname="new_bot_9215a13fa73a4559acc63305146a7bd8">
    <iscustomizable>1</iscustomizable>
  </bot_botcomponent>
  <bot_botcomponent botid.schemaname="new_bot_9215a13fa73a4559acc63305146a7bd8" botcomponentid.schemaname="new_topic_6d22e397338d46348edef0080c58c792">
    <iscustomizable>1</iscustomizable>
  </bot_botcomponent>
  <bot_botcomponent botid.schemaname="new_bot_9215a13fa73a4559acc63305146a7bd8" botcomponentid.schemaname="new_topic_19e2afb0255049adb2b803999fbe79d0">
    <iscustomizable>1</iscustomizable>
  </bot_botcomponent>
  <bot_botcomponent botid.schemaname="new_bot_9215a13fa73a4559acc63305146a7bd8" botcomponentid.schemaname="new_topic_3017634c782f41d28bd60e313fb6343a">
    <iscustomizable>1</iscustomizable>
  </bot_botcomponent>
  <bot_botcomponent botid.schemaname="new_bot_9215a13fa73a4559acc63305146a7bd8" botcomponentid.schemaname="new_topic_ad6b2daddeeb403688c7640e134f81e5">
    <iscustomizable>1</iscustomizable>
  </bot_botcomponent>
  <bot_botcomponent botid.schemaname="new_bot_9215a13fa73a4559acc63305146a7bd8" botcomponentid.schemaname="new_topic_6287c660a33c40468b98f0bdddf75314">
    <iscustomizable>1</iscustomizable>
  </bot_botcomponent>
  <bot_botcomponent botid.schemaname="new_bot_9215a13fa73a4559acc63305146a7bd8" botcomponentid.schemaname="new_topic_a306036e64944c1cb2df9b799f7db77f">
    <iscustomizable>1</iscustomizable>
  </bot_botcomponent>
  <bot_botcomponent botid.schemaname="new_bot_9215a13fa73a4559acc63305146a7bd8" botcomponentid.schemaname="new_topic_5d9e74bf29734fa2a23357d5aaf9cd62">
    <iscustomizable>1</iscustomizable>
  </bot_botcomponent>
  <bot_botcomponent botcomponentid.schemaname="new_topic_261505c2b65d4a409c5cd3ecf8296777" botid.schemaname="new_bot_9215a13fa73a4559acc63305146a7bd8">
    <iscustomizable>1</iscustomizable>
  </bot_botcomponent>
  <bot_botcomponent botcomponentid.schemaname="new_topic_e0ce6f5028ea4d5583e1eb3b3e343c43" botid.schemaname="new_bot_9215a13fa73a4559acc63305146a7bd8">
    <iscustomizable>1</iscustomizable>
  </bot_botcomponent>
  <bot_botcomponent botid.schemaname="new_bot_9215a13fa73a4559acc63305146a7bd8" botcomponentid.schemaname="new_topic_6e89610509eb465281976f1059b9e9a8">
    <iscustomizable>1</iscustomizable>
  </bot_botcomponent>
  <bot_botcomponent botcomponentid.schemaname="new_topic_49ee82a8d0704e1fbae36e31b553d3de" botid.schemaname="new_bot_9215a13fa73a4559acc63305146a7bd8">
    <iscustomizable>1</iscustomizable>
  </bot_botcomponent>
  <bot_botcomponent botcomponentid.schemaname="new_topic_5351d4c68176437a820410b390cc578c" botid.schemaname="new_bot_9215a13fa73a4559acc63305146a7bd8">
    <iscustomizable>1</iscustomizable>
  </bot_botcomponent>
  <bot_botcomponent botcomponentid.schemaname="new_topic_371d9960e0234b96a6d5b8647c32d0d0" botid.schemaname="new_bot_9215a13fa73a4559acc63305146a7bd8">
    <iscustomizable>1</iscustomizable>
  </bot_botcomponent>
  <bot_botcomponent botcomponentid.schemaname="new_topic_841238328dfb44be86ac3419fb0ed29e" botid.schemaname="new_bot_9215a13fa73a4559acc63305146a7bd8">
    <iscustomizable>1</iscustomizable>
  </bot_botcomponent>
  <bot_botcomponent botcomponentid.schemaname="new_topic_797774d186ce4b20928951d2a072f08c" botid.schemaname="new_bot_9215a13fa73a4559acc63305146a7bd8">
    <iscustomizable>1</iscustomizable>
  </bot_botcomponent>
  <bot_botcomponent botid.schemaname="new_bot_9215a13fa73a4559acc63305146a7bd8" botcomponentid.schemaname="new_topic_d55c23ca951a4dfe9d643fb1a737820d">
    <iscustomizable>1</iscustomizable>
  </bot_botcomponent>
  <bot_botcomponent botid.schemaname="new_bot_9215a13fa73a4559acc63305146a7bd8" botcomponentid.schemaname="new_topic_dc1414173321477ab8ba6ad5f62f7264">
    <iscustomizable>1</iscustomizable>
  </bot_botcomponent>
  <bot_botcomponent botid.schemaname="new_bot_9215a13fa73a4559acc63305146a7bd8" botcomponentid.schemaname="new_topic_9eeebe26bf034c0280e611e88e51212d">
    <iscustomizable>1</iscustomizable>
  </bot_botcomponent>
  <bot_botcomponent botid.schemaname="new_bot_9215a13fa73a4559acc63305146a7bd8" botcomponentid.schemaname="new_topic_8fc93bb606a441b6b7a6b7aecae59f04">
    <iscustomizable>1</iscustomizable>
  </bot_botcomponent>
  <bot_botcomponent botcomponentid.schemaname="new_topic_5e40a8136cc1468988b513a158192ea9" botid.schemaname="new_bot_9215a13fa73a4559acc63305146a7bd8">
    <iscustomizable>1</iscustomizable>
  </bot_botcomponent>
  <bot_botcomponent botcomponentid.schemaname="new_topic_77c5c191cd394cb383b1df7d949a5b04" botid.schemaname="new_bot_9215a13fa73a4559acc63305146a7bd8">
    <iscustomizable>1</iscustomizable>
  </bot_botcomponent>
  <bot_botcomponent botid.schemaname="new_bot_9215a13fa73a4559acc63305146a7bd8" botcomponentid.schemaname="new_topic_3cfe52842b1543c79291c9d54ca7ac80">
    <iscustomizable>1</iscustomizable>
  </bot_botcomponent>
  <bot_botcomponent botid.schemaname="new_bot_9215a13fa73a4559acc63305146a7bd8" botcomponentid.schemaname="new_topic_bbb59c9c20ba4f75a748feed54e2b791">
    <iscustomizable>1</iscustomizable>
  </bot_botcomponent>
  <bot_botcomponent botcomponentid.schemaname="new_topic_39412ec019734275a70f9a2de528ffd9" botid.schemaname="new_bot_9215a13fa73a4559acc63305146a7bd8">
    <iscustomizable>1</iscustomizable>
  </bot_botcomponent>
  <bot_botcomponent botcomponentid.schemaname="new_topic_16c0b43e85cc4ca68345812f1aa12699" botid.schemaname="new_bot_9215a13fa73a4559acc63305146a7bd8">
    <iscustomizable>1</iscustomizable>
  </bot_botcomponent>
  <bot_botcomponent botid.schemaname="new_bot_9215a13fa73a4559acc63305146a7bd8" botcomponentid.schemaname="new_topic_2a17ce678aad442e8f537a95b1af8997">
    <iscustomizable>1</iscustomizable>
  </bot_botcomponent>
  <bot_botcomponent botcomponentid.schemaname="new_topic_03b5942fc4934b95b30059d0da6a2654" botid.schemaname="new_bot_9215a13fa73a4559acc63305146a7bd8">
    <iscustomizable>1</iscustomizable>
  </bot_botcomponent>
  <bot_botcomponent botid.schemaname="new_bot_9215a13fa73a4559acc63305146a7bd8" botcomponentid.schemaname="new_topic_2cb79bbb8e71491996db4925a6db0e3f">
    <iscustomizable>1</iscustomizable>
  </bot_botcomponent>
  <bot_botcomponent botcomponentid.schemaname="new_topic_5c0e0bcce9264cef9fb2be833e3a9141" botid.schemaname="new_bot_9215a13fa73a4559acc63305146a7bd8">
    <iscustomizable>1</iscustomizable>
  </bot_botcomponent>
  <bot_botcomponent botcomponentid.schemaname="new_topic_b9a2dab1026e4a4b9c5accd6e41d8419" botid.schemaname="new_bot_9215a13fa73a4559acc63305146a7bd8">
    <iscustomizable>1</iscustomizable>
  </bot_botcomponent>
  <bot_botcomponent botcomponentid.schemaname="new_topic_e4ca0d134a3a4b459928fe622bdfd8a9" botid.schemaname="new_bot_9215a13fa73a4559acc63305146a7bd8">
    <iscustomizable>1</iscustomizable>
  </bot_botcomponent>
  <bot_botcomponent botcomponentid.schemaname="new_topic_f3d55feae0634fe5810b98fa839c976c" botid.schemaname="new_bot_9215a13fa73a4559acc63305146a7bd8">
    <iscustomizable>1</iscustomizable>
  </bot_botcomponent>
  <bot_botcomponent botid.schemaname="new_bot_9215a13fa73a4559acc63305146a7bd8" botcomponentid.schemaname="new_topic_ba63419133564671b8421ab79a72b580">
    <iscustomizable>1</iscustomizable>
  </bot_botcomponent>
  <bot_botcomponent botcomponentid.schemaname="new_topic_3aee53118eca451a85244c58dea849d7" botid.schemaname="new_bot_9215a13fa73a4559acc63305146a7bd8">
    <iscustomizable>1</iscustomizable>
  </bot_botcomponent>
  <bot_botcomponent botid.schemaname="new_bot_9215a13fa73a4559acc63305146a7bd8" botcomponentid.schemaname="new_topic_e5ea157680104230972746c6b8d16b16">
    <iscustomizable>1</iscustomizable>
  </bot_botcomponent>
  <bot_botcomponent botid.schemaname="new_bot_9215a13fa73a4559acc63305146a7bd8" botcomponentid.schemaname="new_topic_d7a07a0e408546e3bfbbc4ff9b2f4bd9">
    <iscustomizable>1</iscustomizable>
  </bot_botcomponent>
  <bot_botcomponent botcomponentid.schemaname="new_topic_9215a13fa73a4559acc63305146a7bd8_ba7b967c97ba4c39bca58a8bb6a72d59_conversationstart" botid.schemaname="new_bot_9215a13fa73a4559acc63305146a7bd8">
    <iscustomizable>1</iscustomizable>
  </bot_botcomponent>
  <bot_botcomponent botid.schemaname="new_bot_9215a13fa73a4559acc63305146a7bd8" botcomponentid.schemaname="new_topic_f9d74f099224413a9acc06c5a325214e">
    <iscustomizable>1</iscustomizable>
  </bot_botcomponent>
  <bot_botcomponent botid.schemaname="new_bot_9215a13fa73a4559acc63305146a7bd8" botcomponentid.schemaname="new_topic_10f845c5b0054492ab028925e45c4c0d">
    <iscustomizable>1</iscustomizable>
  </bot_botcomponent>
  <bot_botcomponent botid.schemaname="new_bot_9215a13fa73a4559acc63305146a7bd8" botcomponentid.schemaname="new_topic_9215a13fa73a4559acc63305146a7bd8_954135cafcd647eaae5999ad91fc08cf_talktoagent">
    <iscustomizable>1</iscustomizable>
  </bot_botcomponent>
  <bot_botcomponent botcomponentid.schemaname="new_topic_9215a13fa73a4559acc63305146a7bd8_aeabea4d071f415c8c107e1cb7af5424_assumedsuccess" botid.schemaname="new_bot_9215a13fa73a4559acc63305146a7bd8">
    <iscustomizable>1</iscustomizable>
  </bot_botcomponent>
  <bot_botcomponent botcomponentid.schemaname="new_topic_9215a13fa73a4559acc63305146a7bd8_db1f76b081dc43389df9dd2df7518737_confirmedsuccess" botid.schemaname="new_bot_9215a13fa73a4559acc63305146a7bd8">
    <iscustomizable>1</iscustomizable>
  </bot_botcomponent>
  <bot_botcomponent botcomponentid.schemaname="new_topic_9215a13fa73a4559acc63305146a7bd8_d2198a5ee41a48a5bf70ab8970145a9f_confirmedfailure" botid.schemaname="new_bot_9215a13fa73a4559acc63305146a7bd8">
    <iscustomizable>1</iscustomizable>
  </bot_botcomponent>
  <bot_botcomponent botcomponentid.schemaname="new_topic_e3f0ecd5e9514e948280ced2ed674040" botid.schemaname="new_bot_9215a13fa73a4559acc63305146a7bd8">
    <iscustomizable>1</iscustomizable>
  </bot_botcomponent>
  <bot_botcomponent botid.schemaname="new_bot_9215a13fa73a4559acc63305146a7bd8" botcomponentid.schemaname="new_topic_8fc53ab5c9884fe0845124ce199a10ae">
    <iscustomizable>1</iscustomizable>
  </bot_botcomponent>
  <bot_botcomponent botcomponentid.schemaname="new_topic_9215a13fa73a4559acc63305146a7bd8_f56d1a3e522740c78f9fac0939332dbd_goodbye" botid.schemaname="new_bot_9215a13fa73a4559acc63305146a7bd8">
    <iscustomizable>1</iscustomizable>
  </bot_botcomponent>
  <bot_botcomponent botcomponentid.schemaname="new_topic_9215a13fa73a4559acc63305146a7bd8_8a4964498f83424bb3a86295bf7d0952_startover" botid.schemaname="new_bot_9215a13fa73a4559acc63305146a7bd8">
    <iscustomizable>1</iscustomizable>
  </bot_botcomponent>
  <bot_botcomponent botid.schemaname="new_bot_9215a13fa73a4559acc63305146a7bd8" botcomponentid.schemaname="new_topic_9215a13fa73a4559acc63305146a7bd8_3d2584ec30914684839527e05e7be172_thankyou">
    <iscustomizable>1</iscustomizable>
  </bot_botcomponent>
  <bot_botcomponent botid.schemaname="new_bot_9215a13fa73a4559acc63305146a7bd8" botcomponentid.schemaname="new_topic_9215a13fa73a4559acc63305146a7bd8_33d5123770ba4daeafae51b361ddc80a">
    <iscustomizable>1</iscustomizable>
  </bot_botcomponent>
  <bot_botcomponent botid.schemaname="new_bot_9215a13fa73a4559acc63305146a7bd8" botcomponentid.schemaname="new_topic_af3adab51b3b4b4696424123cf8c87b2">
    <iscustomizable>1</iscustomizable>
  </bot_botcomponent>
  <bot_botcomponent botcomponentid.schemaname="new_topic_fe24c4cd8ea148b8a9ec1b2da1473738" botid.schemaname="new_bot_9215a13fa73a4559acc63305146a7bd8">
    <iscustomizable>1</iscustomizable>
  </bot_botcomponent>
  <bot_botcomponent botcomponentid.schemaname="new_topic_9215a13fa73a4559acc63305146a7bd8_21a34f1673a24096a99ba0effb63cc1d" botid.schemaname="new_bot_9215a13fa73a4559acc63305146a7bd8">
    <iscustomizable>1</iscustomizable>
  </bot_botcomponent>
  <bot_botcomponent botcomponentid.schemaname="new_topic_9215a13fa73a4559acc63305146a7bd8_dbafebd526364487911b63a2a774389f" botid.schemaname="new_bot_9215a13fa73a4559acc63305146a7bd8">
    <iscustomizable>1</iscustomizable>
  </bot_botcomponent>
  <bot_botcomponent botcomponentid.schemaname="new_topic_9215a13fa73a4559acc63305146a7bd8_85df75ce08a44a9b82cc8f3fdb25f669" botid.schemaname="new_bot_9215a13fa73a4559acc63305146a7bd8">
    <iscustomizable>1</iscustomizable>
  </bot_botcomponent>
  <bot_botcomponent botid.schemaname="new_bot_9215a13fa73a4559acc63305146a7bd8" botcomponentid.schemaname="new_customtype_9215a13fa73a4559acc63305146a7bd8_92610204747047ac8f788f7eecd91118">
    <iscustomizable>1</iscustomizable>
  </bot_botcomponent>
  <bot_botcomponent botcomponentid.schemaname="new_topic_77a65a1e6d20470eb32f4aabb7aa2fa2" botid.schemaname="new_bot_9215a13fa73a4559acc63305146a7bd8">
    <iscustomizable>1</iscustomizable>
  </bot_botcomponent>
  <bot_botcomponent botcomponentid.schemaname="new_topic_76aa3f7c15694be1b533354453e90413" botid.schemaname="new_bot_9215a13fa73a4559acc63305146a7bd8">
    <iscustomizable>1</iscustomizable>
  </bot_botcomponent>
  <bot_botcomponent botcomponentid.schemaname="new_customtype_9215a13fa73a4559acc63305146a7bd8_f86fcadfd497444e91ed11c12b059d10" botid.schemaname="new_bot_9215a13fa73a4559acc63305146a7bd8">
    <iscustomizable>1</iscustomizable>
  </bot_botcomponent>
  <bot_botcomponent botcomponentid.schemaname="new_topic_0d3d5b54492b47b8839a6d2d07bd097a" botid.schemaname="new_bot_9215a13fa73a4559acc63305146a7bd8">
    <iscustomizable>1</iscustomizable>
  </bot_botcomponent>
  <bot_botcomponent botcomponentid.schemaname="new_topic_230bb1c76d5e4dbb8d05d1a0312fb878" botid.schemaname="new_bot_9215a13fa73a4559acc63305146a7bd8">
    <iscustomizable>1</iscustomizable>
  </bot_botcomponent>
  <bot_botcomponent botcomponentid.schemaname="new_topic_26ed76dfbc2f4b59ab9886c904b93665" botid.schemaname="new_bot_9215a13fa73a4559acc63305146a7bd8">
    <iscustomizable>1</iscustomizable>
  </bot_botcomponent>
  <bot_botcomponent botid.schemaname="new_bot_9215a13fa73a4559acc63305146a7bd8" botcomponentid.schemaname="new_topic_81d961abda73492985d87834c032476c">
    <iscustomizable>1</iscustomizable>
  </bot_botcomponent>
  <bot_botcomponent botcomponentid.schemaname="new_topic_1e3167de71b34d8495c2cfe19e94abeb" botid.schemaname="new_bot_9215a13fa73a4559acc63305146a7bd8">
    <iscustomizable>1</iscustomizable>
  </bot_botcomponent>
  <bot_botcomponent botid.schemaname="new_bot_9215a13fa73a4559acc63305146a7bd8" botcomponentid.schemaname="new_topic_d38ddece346347588edea58b718c707e">
    <iscustomizable>1</iscustomizable>
  </bot_botcomponent>
  <bot_botcomponent botid.schemaname="new_bot_9215a13fa73a4559acc63305146a7bd8" botcomponentid.schemaname="new_topic_e50e23b5687f44fb8a5aa0579393aaf3">
    <iscustomizable>1</iscustomizable>
  </bot_botcomponent>
  <bot_botcomponent botid.schemaname="new_bot_9215a13fa73a4559acc63305146a7bd8" botcomponentid.schemaname="new_topic_be0ff877b3384fd1b9c1f898f3303f08">
    <iscustomizable>1</iscustomizable>
  </bot_botcomponent>
  <bot_botcomponent botid.schemaname="new_bot_9215a13fa73a4559acc63305146a7bd8" botcomponentid.schemaname="new_topic_79c4862e40f0478eb1a243400d0197c1">
    <iscustomizable>1</iscustomizable>
  </bot_botcomponent>
  <bot_botcomponent botcomponentid.schemaname="new_topic_a7ef98e6278c4a2db9cd47d1f8478c05" botid.schemaname="new_bot_9215a13fa73a4559acc63305146a7bd8">
    <iscustomizable>1</iscustomizable>
  </bot_botcomponent>
  <bot_botcomponent botid.schemaname="new_bot_9215a13fa73a4559acc63305146a7bd8" botcomponentid.schemaname="new_topic_66f7a47ecdd940968dcb67536dc4cc6f">
    <iscustomizable>1</iscustomizable>
  </bot_botcomponent>
  <bot_botcomponent botcomponentid.schemaname="new_topic_e3b15774019f401481b72bb7dcf43524" botid.schemaname="new_bot_9215a13fa73a4559acc63305146a7bd8">
    <iscustomizable>1</iscustomizable>
  </bot_botcomponent>
  <bot_botcomponent botcomponentid.schemaname="new_topic_e884dfb54f0142518e7ba404b7e8f9bf" botid.schemaname="new_bot_9215a13fa73a4559acc63305146a7bd8">
    <iscustomizable>1</iscustomizable>
  </bot_botcomponent>
  <bot_botcomponent botid.schemaname="new_bot_9215a13fa73a4559acc63305146a7bd8" botcomponentid.schemaname="new_topic_f41de0d2f8564649aa242672afbfc08e">
    <iscustomizable>1</iscustomizable>
  </bot_botcomponent>
  <bot_botcomponent botcomponentid.schemaname="new_topic_70196f36cb0640f9b8650ed58eef5cb2" botid.schemaname="new_bot_9215a13fa73a4559acc63305146a7bd8">
    <iscustomizable>1</iscustomizable>
  </bot_botcomponent>
  <bot_botcomponent botid.schemaname="new_bot_9215a13fa73a4559acc63305146a7bd8" botcomponentid.schemaname="new_topic_47858ed342ea44c680712a04f6457526">
    <iscustomizable>1</iscustomizable>
  </bot_botcomponent>
  <bot_botcomponent botid.schemaname="new_bot_9215a13fa73a4559acc63305146a7bd8" botcomponentid.schemaname="new_topic_90675441117d4d12b2774b0b57393b5c">
    <iscustomizable>1</iscustomizable>
  </bot_botcomponent>
</bot_botcomponentset>