<botcomponent_workflowset>
  <botcomponent_workflow botcomponentid.schemaname="new_topic_9215a13fa73a4559acc63305146a7bd8_954135cafcd647eaae5999ad91fc08cf_talktoagent" workflowid.workflowid="9ebc44a5-ea5b-eb11-a812-000d3a1fc975">
    <iscustomizable>1</iscustomizable>
  </botcomponent_workflow>
  <botcomponent_workflow botcomponentid.schemaname="new_topic_9215a13fa73a4559acc63305146a7bd8_954135cafcd647eaae5999ad91fc08cf_talktoagent" workflowid.workflowid="5ece3cb4-e75b-eb11-a812-000d3a1fc975">
    <iscustomizable>1</iscustomizable>
  </botcomponent_workflow>
</botcomponent_workflowset>