{
  "intents": [
    {
      "triggerQueries": [
        "スポットライトを使用して、会議中に誰かの注意を引く方法は？"
      ],
      "dialogId": "new_topic_a481855164f9430191ce42e68a7ef579",
      "isTriggeringEnabled": true,
      "id": "new_topic_a481855164f9430191ce42e68a7ef579",
      "displayName": "スポットライトを使用して、会議中に誰かの注意を引く方法は？",
      "description": "https://adoptionbot-test.azurewebsites.net/adoptbot2021-Japanese.xlsx",
      "createdTime": "2021-03-25T06:43:08.5591285Z",
      "updatedTime": "2021-03-25T06:50:25.6285681Z",
      "createdUserId": "93a3e0a0-a0f7-4803-ab57-3609dfe6e344",
      "updatedUserId": "93a3e0a0-a0f7-4803-ab57-3609dfe6e344"
    }
  ],
  "dialogs": [
    {
      "rootNodeId": "eb76c3e7-c1e5-44e5-8f0c-9fd57224a98c",
      "messageNodes": [
        {
          "botMessageId": "a6595357-5269-4359-97c3-28ad63a8eb9a",
          "nodeType": "BotMessageNode",
          "id": "eb76c3e7-c1e5-44e5-8f0c-9fd57224a98c",
          "defaultTargetNodeId": "4f913f04-a4ac-4c36-9ab9-4c5669e11962"
        }
      ],
      "dialogChangeNodes": [
        {
          "targetDialogId": "new_topic_9215a13fa73a4559acc63305146a7bd8_aeabea4d071f415c8c107e1cb7af5424_assumedsuccess",
          "nodeType": "DialogChangeNode",
          "id": "4f913f04-a4ac-4c36-9ab9-4c5669e11962"
        }
      ],
      "id": "new_topic_a481855164f9430191ce42e68a7ef579",
      "displayName": "Dialog for スポットライトを使用して、会議中に誰かの注意を引く方法は？",
      "createdTime": "2021-03-25T06:43:08.5591285Z",
      "updatedTime": "2021-03-26T06:08:42.7651863Z",
      "createdUserId": "93a3e0a0-a0f7-4803-ab57-3609dfe6e344",
      "updatedUserId": "93a3e0a0-a0f7-4803-ab57-3609dfe6e344"
    }
  ],
  "botMessages": [
    {
      "channelContent": {
        "web": {
          "contentFormat": "Markdown",
          "content": "誰かのビデオにスポットライトを当てると、会議に参加している全員のビデオが１つに固定されます。\n\n主催者または発表者の場合は、誰のビデオでも (自分のビデオも含む)、みんなが見るメインのビデオとして選択できます。\n\nこれを行うには、次の 2 つの方法があります。\n\n*   ユーザーのビデオ自体を右クリックし、メニューから **\\[スポットライト\\]** を選択します。\n*   参加者ペインでスポットライトを当てたいユーザーの名前を探すこともできます。 参加者の名前を右クリックするかタッチして、\\[スポットライト\\] を選択します。 スポットライトを終了する準備ができたら、もう一度右クリックして、\\[スポットライトの終了\\] を選択します。"
        }
      },
      "id": "a6595357-5269-4359-97c3-28ad63a8eb9a",
      "createdTime": "2021-03-25T06:43:08.5591285Z",
      "updatedTime": "2021-03-25T06:43:08.5591285Z",
      "createdUserId": "93a3e0a0-a0f7-4803-ab57-3609dfe6e344",
      "updatedUserId": "93a3e0a0-a0f7-4803-ab57-3609dfe6e344"
    }
  ],
  "createdUtc": "0001-01-01T00:00:00Z"
}