{
  "intents": [
    {
      "triggerQueries": [
        "チームの所有者とは？"
      ],
      "dialogId": "new_topic_fe24c4cd8ea148b8a9ec1b2da1473738",
      "isTriggeringEnabled": true,
      "id": "new_topic_fe24c4cd8ea148b8a9ec1b2da1473738",
      "displayName": "チームの所有者とは？",
      "description": "https://adoptionbot-test.azurewebsites.net/adoptbot2021-Japanese.xlsx",
      "createdTime": "2021-03-25T06:43:08.5581282Z",
      "updatedTime": "2021-03-25T06:58:15.9651304Z",
      "createdUserId": "93a3e0a0-a0f7-4803-ab57-3609dfe6e344",
      "updatedUserId": "93a3e0a0-a0f7-4803-ab57-3609dfe6e344"
    }
  ],
  "dialogs": [
    {
      "rootNodeId": "ae0cb3c3-0c0c-4912-a4dc-d86519733c94",
      "messageNodes": [
        {
          "botMessageId": "8c1c093a-695d-499b-84a1-15cf301c058f",
          "nodeType": "BotMessageNode",
          "id": "ae0cb3c3-0c0c-4912-a4dc-d86519733c94",
          "defaultTargetNodeId": "1ef4fd70-ee79-4794-bd12-7c7c8bef9f77"
        }
      ],
      "dialogChangeNodes": [
        {
          "targetDialogId": "new_topic_9215a13fa73a4559acc63305146a7bd8_aeabea4d071f415c8c107e1cb7af5424_assumedsuccess",
          "nodeType": "DialogChangeNode",
          "id": "1ef4fd70-ee79-4794-bd12-7c7c8bef9f77"
        }
      ],
      "id": "new_topic_fe24c4cd8ea148b8a9ec1b2da1473738",
      "displayName": "Dialog for チームの所有者とは？",
      "createdTime": "2021-03-25T06:43:08.5581282Z",
      "updatedTime": "2021-03-25T11:38:50.499711Z",
      "createdUserId": "93a3e0a0-a0f7-4803-ab57-3609dfe6e344",
      "updatedUserId": "93a3e0a0-a0f7-4803-ab57-3609dfe6e344"
    }
  ],
  "botMessages": [
    {
      "channelContent": {
        "web": {
          "contentFormat": "Markdown",
          "content": "チームの所有者は、チームを作成または管理する担当者です。 チームの所有者は、メンバーをチームに招待するときや、チームに参加した後はいつでも、チームのメンバーをチームの所有者にすることができます。 チームの所有者を 2 人以上にすることで、招待状を含む設定とチームのメンバーを管理する責任を分担できます。\n\n**クイックヒント：**\n\n所有者は、チームの画像を追加したり、チームのメンバーがチャネルを作成する権限を設定したり、タブを追加したり、チームまたはチャネル全体に@メンションしたり、GIF、ステッカー、メモの使用を制御したりできます。 最後に、チームごとに少なくとも 2 人の所有者を持つようにしてください。 これにより、所有者の1人が不在の場合のバックアップ連絡先が保証されます。"
        }
      },
      "id": "8c1c093a-695d-499b-84a1-15cf301c058f",
      "createdTime": "2021-03-25T06:43:08.5581282Z",
      "updatedTime": "2021-03-25T06:43:08.5581282Z",
      "createdUserId": "93a3e0a0-a0f7-4803-ab57-3609dfe6e344",
      "updatedUserId": "93a3e0a0-a0f7-4803-ab57-3609dfe6e344"
    }
  ],
  "createdUtc": "0001-01-01T00:00:00Z"
}