{
  "intents": [
    {
      "triggerQueries": [
        "Teams のゲストとは何ですか？"
      ],
      "dialogId": "new_topic_af76164db13a42db8ae46ddbe72de4b5",
      "isTriggeringEnabled": true,
      "id": "new_topic_af76164db13a42db8ae46ddbe72de4b5",
      "displayName": "Teams のゲストとは何ですか？",
      "description": "https://adoptionbot-test.azurewebsites.net/adoptbot2021-Japanese.xlsx",
      "createdTime": "2021-03-25T06:43:08.5591285Z",
      "updatedTime": "2021-03-25T06:48:37.7835404Z",
      "createdUserId": "93a3e0a0-a0f7-4803-ab57-3609dfe6e344",
      "updatedUserId": "93a3e0a0-a0f7-4803-ab57-3609dfe6e344"
    }
  ],
  "dialogs": [
    {
      "rootNodeId": "d682c5b1-b403-4fe6-87d2-6a8588706020",
      "messageNodes": [
        {
          "botMessageId": "f0d1932d-8213-44c1-a888-81fde45954d4",
          "nodeType": "BotMessageNode",
          "id": "d682c5b1-b403-4fe6-87d2-6a8588706020",
          "defaultTargetNodeId": "d2532d25-ffeb-4161-b752-199cb29d88c1"
        }
      ],
      "dialogChangeNodes": [
        {
          "targetDialogId": "new_topic_9215a13fa73a4559acc63305146a7bd8_aeabea4d071f415c8c107e1cb7af5424_assumedsuccess",
          "nodeType": "DialogChangeNode",
          "id": "d2532d25-ffeb-4161-b752-199cb29d88c1"
        }
      ],
      "id": "new_topic_af76164db13a42db8ae46ddbe72de4b5",
      "displayName": "Dialog for Teams のゲストとは何ですか？",
      "createdTime": "2021-03-25T06:43:08.5591285Z",
      "updatedTime": "2021-03-26T06:51:54.7277713Z",
      "createdUserId": "93a3e0a0-a0f7-4803-ab57-3609dfe6e344",
      "updatedUserId": "93a3e0a0-a0f7-4803-ab57-3609dfe6e344"
    }
  ],
  "botMessages": [
    {
      "channelContent": {
        "web": {
          "contentFormat": "Markdown",
          "content": "組織内のチームでゲスト アクセスを許可すると、Teams の既存のチームやチャネルにアクセスできるようになり、組織外のユーザーとの共同作業を行うことができます。\n\nOutlook、Gmail、その他のビジネスアカウントや通常のメールアカウントを持っているユーザーは誰でも [Teams のゲストとして招待](https://support.microsoft.com/ja-jp/office/teams-%e3%81%a7%e3%83%81%e3%83%bc%e3%83%a0%e3%81%ab%e3%82%b2%e3%82%b9%e3%83%88%e3%82%92%e8%bf%bd%e5%8a%a0%e3%81%99%e3%82%8b-fccb4fa6-f864-4508-bdde-256e7384a14f?ui=ja-JP&rs=ja-JP&ad=JP)されることで、チームのチャット、会議、ファイルにアクセスできます。"
        }
      },
      "id": "f0d1932d-8213-44c1-a888-81fde45954d4",
      "createdTime": "2021-03-25T06:43:08.5591285Z",
      "updatedTime": "2021-03-25T06:43:08.5591285Z",
      "createdUserId": "93a3e0a0-a0f7-4803-ab57-3609dfe6e344",
      "updatedUserId": "93a3e0a0-a0f7-4803-ab57-3609dfe6e344"
    }
  ],
  "createdUtc": "0001-01-01T00:00:00Z"
}