{
  "intents": [
    {
      "triggerQueries": [
        "電話会議に参加できるユーザーは誰ですか？ そして、私は誰の声を聞くことができますか？"
      ],
      "dialogId": "new_topic_3aee53118eca451a85244c58dea849d7",
      "isTriggeringEnabled": true,
      "id": "new_topic_3aee53118eca451a85244c58dea849d7",
      "displayName": "電話会議に参加できるユーザーは誰ですか？ そして、私は誰の声を聞くことができますか？",
      "description": "https://adoptionbot-test.azurewebsites.net/adoptbot2021-Japanese.xlsx",
      "createdTime": "2021-03-25T06:43:08.5581282Z",
      "updatedTime": "2021-03-25T06:56:10.5556106Z",
      "createdUserId": "93a3e0a0-a0f7-4803-ab57-3609dfe6e344",
      "updatedUserId": "93a3e0a0-a0f7-4803-ab57-3609dfe6e344"
    }
  ],
  "dialogs": [
    {
      "rootNodeId": "6d120c1c-238e-4abc-b6c1-8abf41eff7e5",
      "messageNodes": [
        {
          "botMessageId": "ca7b0722-0d9a-42d2-a7e7-9b011643306a",
          "nodeType": "BotMessageNode",
          "id": "6d120c1c-238e-4abc-b6c1-8abf41eff7e5",
          "defaultTargetNodeId": "758e8a57-c1b8-4fc1-9bc8-2f063c9435b0"
        }
      ],
      "dialogChangeNodes": [
        {
          "targetDialogId": "new_topic_9215a13fa73a4559acc63305146a7bd8_aeabea4d071f415c8c107e1cb7af5424_assumedsuccess",
          "nodeType": "DialogChangeNode",
          "id": "758e8a57-c1b8-4fc1-9bc8-2f063c9435b0"
        }
      ],
      "id": "new_topic_3aee53118eca451a85244c58dea849d7",
      "displayName": "Dialog for 電話会議に参加できるユーザーは誰ですか？ そして、私は誰の声を聞くことができますか？",
      "createdTime": "2021-03-25T06:43:08.5581282Z",
      "updatedTime": "2021-03-25T12:44:33.7337617Z",
      "createdUserId": "93a3e0a0-a0f7-4803-ab57-3609dfe6e344",
      "updatedUserId": "93a3e0a0-a0f7-4803-ab57-3609dfe6e344"
    }
  ],
  "botMessages": [
    {
      "channelContent": {
        "web": {
          "contentFormat": "Markdown",
          "content": "会議の開催者が会議をロックしていない限り、ダイヤルイン番号と会議 ID を持つすべてのユーザーが Microsoft Teams の会議に参加できます。\n\n電話を使うか、Microsoft Teamsアプリを使うかにかかわらず、通話中の全てのユーザーの声を聞くことができ、全てのユーザーはあなたの声を聞くことができます。 会議の開催者は、会議の参加者の声をミュートにすることができます。"
        }
      },
      "id": "ca7b0722-0d9a-42d2-a7e7-9b011643306a",
      "createdTime": "2021-03-25T06:43:08.5581282Z",
      "updatedTime": "2021-03-25T06:43:08.5581282Z",
      "createdUserId": "93a3e0a0-a0f7-4803-ab57-3609dfe6e344",
      "updatedUserId": "93a3e0a0-a0f7-4803-ab57-3609dfe6e344"
    }
  ],
  "createdUtc": "0001-01-01T00:00:00Z"
}