{
  "intents": [
    {
      "triggerQueries": [
        "Microsoft 365で利用できる OneDrive の容量はどのくらいですか？"
      ],
      "dialogId": "new_topic_2cb79bbb8e71491996db4925a6db0e3f",
      "isTriggeringEnabled": true,
      "id": "new_topic_2cb79bbb8e71491996db4925a6db0e3f",
      "displayName": "Microsoft 365で利用できる OneDrive の容量はどのくらいですか？",
      "description": "https://adoptionbot-test.azurewebsites.net/adoptbot2021-Japanese.xlsx",
      "createdTime": "2021-03-25T06:43:08.5581282Z",
      "updatedTime": "2021-03-25T06:55:41.7701278Z",
      "createdUserId": "93a3e0a0-a0f7-4803-ab57-3609dfe6e344",
      "updatedUserId": "93a3e0a0-a0f7-4803-ab57-3609dfe6e344"
    }
  ],
  "dialogs": [
    {
      "rootNodeId": "c7c5fc6d-852c-453b-b511-f99860ab59b3",
      "messageNodes": [
        {
          "botMessageId": "249d685c-5816-4d94-876d-571442326e87",
          "nodeType": "BotMessageNode",
          "id": "c7c5fc6d-852c-453b-b511-f99860ab59b3",
          "defaultTargetNodeId": "1960ea2c-81cd-4a7f-9f78-a132a902e673"
        }
      ],
      "dialogChangeNodes": [
        {
          "targetDialogId": "new_topic_9215a13fa73a4559acc63305146a7bd8_aeabea4d071f415c8c107e1cb7af5424_assumedsuccess",
          "nodeType": "DialogChangeNode",
          "id": "1960ea2c-81cd-4a7f-9f78-a132a902e673"
        }
      ],
      "id": "new_topic_2cb79bbb8e71491996db4925a6db0e3f",
      "displayName": "Dialog for Microsoft 365で利用できる OneDrive の容量はどのくらいですか？",
      "createdTime": "2021-03-25T06:43:08.5581282Z",
      "updatedTime": "2021-03-26T01:27:44.34385Z",
      "createdUserId": "93a3e0a0-a0f7-4803-ab57-3609dfe6e344",
      "updatedUserId": "93a3e0a0-a0f7-4803-ab57-3609dfe6e344"
    }
  ],
  "botMessages": [
    {
      "channelContent": {
        "web": {
          "contentFormat": "Markdown",
          "content": "ユーザーは OneDrive で 1 TB（1,000 GB）使うことができます。\n\n[ライセンスによっては](https://docs.microsoft.com/ja-jp/onedrive/set-default-storage-space)、ユーザーあたり 5 TB (5,000 GB) に容量を増やすこともできます。"
        }
      },
      "id": "249d685c-5816-4d94-876d-571442326e87",
      "createdTime": "2021-03-25T06:43:08.5581282Z",
      "updatedTime": "2021-03-25T06:43:08.5581282Z",
      "createdUserId": "93a3e0a0-a0f7-4803-ab57-3609dfe6e344",
      "updatedUserId": "93a3e0a0-a0f7-4803-ab57-3609dfe6e344"
    }
  ],
  "createdUtc": "0001-01-01T00:00:00Z"
}