{
  "intents": [
    {
      "triggerQueries": [
        "Teams で検索する方法は？"
      ],
      "dialogId": "new_topic_844cd8c8bae748e18cd190a2dd8aed0c",
      "isTriggeringEnabled": true,
      "id": "new_topic_844cd8c8bae748e18cd190a2dd8aed0c",
      "displayName": "Teams で検索する方法は？",
      "description": "https://adoptionbot-test.azurewebsites.net/adoptbot2021-Japanese.xlsx",
      "createdTime": "2021-03-25T06:43:08.5591285Z",
      "updatedTime": "2021-03-25T06:48:41.4454147Z",
      "createdUserId": "93a3e0a0-a0f7-4803-ab57-3609dfe6e344",
      "updatedUserId": "93a3e0a0-a0f7-4803-ab57-3609dfe6e344"
    }
  ],
  "dialogs": [
    {
      "rootNodeId": "ce38bbd8-3c3a-4809-a0f3-dbc1b8b719ef",
      "messageNodes": [
        {
          "botMessageId": "50ba5fd6-9d7d-4fca-9a13-5ba38cd7cbd4",
          "nodeType": "BotMessageNode",
          "id": "ce38bbd8-3c3a-4809-a0f3-dbc1b8b719ef",
          "defaultTargetNodeId": "fe02e1bb-dcea-462a-bb6b-161b30a5bc1b"
        }
      ],
      "dialogChangeNodes": [
        {
          "targetDialogId": "new_topic_9215a13fa73a4559acc63305146a7bd8_aeabea4d071f415c8c107e1cb7af5424_assumedsuccess",
          "nodeType": "DialogChangeNode",
          "id": "fe02e1bb-dcea-462a-bb6b-161b30a5bc1b"
        }
      ],
      "id": "new_topic_844cd8c8bae748e18cd190a2dd8aed0c",
      "displayName": "Dialog for Teams で検索する方法は？",
      "createdTime": "2021-03-25T06:43:08.5591285Z",
      "updatedTime": "2021-03-26T06:49:12.5859829Z",
      "createdUserId": "93a3e0a0-a0f7-4803-ab57-3609dfe6e344",
      "updatedUserId": "93a3e0a0-a0f7-4803-ab57-3609dfe6e344"
    }
  ],
  "botMessages": [
    {
      "channelContent": {
        "web": {
          "contentFormat": "Markdown",
          "content": "Teams のメッセージ、ユーザー、ファイル、その他の情報を探しやすくするために検索とフィルタリングのオプションがあります。 アプリの上部にある検索ボックスから検索を開始します。 単語や名前を入力すると、Teams が候補を表示し始めます。 候補の項目をクリックするか、Enter キーを押して、結果の完全なリストを表示します。 検索結果ページに移動します。 完全に一致する表示を選択するか、追加のフィルターを使用して、アイテムの 1 つを選択します。\n\nヒント：Teams 内の特定のチャットまたはチャネルでメッセージを検索するには、CTRL+F (macOS では CMD+F) を使用します。 [Teams でメッセージやその他を検索する](https://support.microsoft.com/ja-jp/office/teams-%e3%81%a7%e3%83%a1%e3%83%83%e3%82%bb%e3%83%bc%e3%82%b8%e3%82%84%e3%81%9d%e3%81%ae%e4%bb%96%e3%82%92%e6%a4%9c%e7%b4%a2%e3%81%99%e3%82%8b-4a351520-33f4-42ab-a5ee-5fc0ab88b263?ui=ja-JP&rs=ja-JP&ad=JP)"
        }
      },
      "id": "50ba5fd6-9d7d-4fca-9a13-5ba38cd7cbd4",
      "createdTime": "2021-03-25T06:43:08.5591285Z",
      "updatedTime": "2021-03-25T06:43:08.5591285Z",
      "createdUserId": "93a3e0a0-a0f7-4803-ab57-3609dfe6e344",
      "updatedUserId": "93a3e0a0-a0f7-4803-ab57-3609dfe6e344"
    }
  ],
  "createdUtc": "0001-01-01T00:00:00Z"
}