{
  "intents": [
    {
      "triggerQueries": [
        "削除したチームやチャネルを復元する方法は？"
      ],
      "dialogId": "new_topic_19a05a4516a14e0c99561cc68cf82690",
      "isTriggeringEnabled": true,
      "id": "new_topic_19a05a4516a14e0c99561cc68cf82690",
      "displayName": "削除したチームやチャネルを復元する方法は？",
      "description": "https://adoptionbot-test.azurewebsites.net/adoptbot2021-Japanese.xlsx",
      "createdTime": "2021-03-25T06:43:08.5581282Z",
      "updatedTime": "2021-03-25T06:52:59.0505356Z",
      "createdUserId": "93a3e0a0-a0f7-4803-ab57-3609dfe6e344",
      "updatedUserId": "93a3e0a0-a0f7-4803-ab57-3609dfe6e344"
    }
  ],
  "dialogs": [
    {
      "rootNodeId": "ae0f7eac-ae96-463b-9809-eec4581c9859",
      "messageNodes": [
        {
          "botMessageId": "ec5997b0-a781-47d7-81ad-141d615a228f",
          "nodeType": "BotMessageNode",
          "id": "ae0f7eac-ae96-463b-9809-eec4581c9859",
          "defaultTargetNodeId": "e7caf16c-d062-4e63-9ff0-e365af1217af"
        }
      ],
      "dialogChangeNodes": [
        {
          "targetDialogId": "new_topic_9215a13fa73a4559acc63305146a7bd8_aeabea4d071f415c8c107e1cb7af5424_assumedsuccess",
          "nodeType": "DialogChangeNode",
          "id": "e7caf16c-d062-4e63-9ff0-e365af1217af"
        }
      ],
      "id": "new_topic_19a05a4516a14e0c99561cc68cf82690",
      "displayName": "Dialog for 削除したチームやチャネルを復元する方法は？",
      "createdTime": "2021-03-25T06:43:08.5581282Z",
      "updatedTime": "2021-03-26T02:44:17.7928412Z",
      "createdUserId": "93a3e0a0-a0f7-4803-ab57-3609dfe6e344",
      "updatedUserId": "93a3e0a0-a0f7-4803-ab57-3609dfe6e344"
    }
  ],
  "botMessages": [
    {
      "channelContent": {
        "web": {
          "contentFormat": "Markdown",
          "content": "削除したチームを復元するには、IT 管理者に相談してください。 手順については、[このブログ](https://www.thewindowsclub.com/how-to-restore-deleted-teams-and-channels-in-microsoft-teams)を確認してください。\n\n削除したチャネルを復元するには、チーム名に移動し、**\\[その他のオプション\\]** をクリックし、**\\[チームを管理\\]** をクリックします。 **\\[チャネル\\]** タブに移動します。 **\\[削除済み\\]** セクションでチャネルを見つけ、\\[復元\\] をクリックします。すべてのチャネル会話、ファイル、およびタブが復元されます。"
        }
      },
      "id": "ec5997b0-a781-47d7-81ad-141d615a228f",
      "createdTime": "2021-03-25T06:43:08.5581282Z",
      "updatedTime": "2021-03-25T06:43:08.5581282Z",
      "createdUserId": "93a3e0a0-a0f7-4803-ab57-3609dfe6e344",
      "updatedUserId": "93a3e0a0-a0f7-4803-ab57-3609dfe6e344"
    }
  ],
  "createdUtc": "0001-01-01T00:00:00Z"
}