{
  "intents": [
    {
      "triggerQueries": [
        "チャネル名に特殊文字を使用できますか？"
      ],
      "dialogId": "new_topic_14674d3085e14df99f08ec01c795743e",
      "isTriggeringEnabled": true,
      "id": "new_topic_14674d3085e14df99f08ec01c795743e",
      "displayName": "チャネル名に特殊文字を使用できますか？",
      "description": "https://adoptionbot-test.azurewebsites.net/adoptbot2021-Japanese.xlsx",
      "createdTime": "2021-03-25T06:43:08.5591285Z",
      "updatedTime": "2021-03-29T04:08:25.9713201Z",
      "createdUserId": "93a3e0a0-a0f7-4803-ab57-3609dfe6e344",
      "updatedUserId": "93a3e0a0-a0f7-4803-ab57-3609dfe6e344"
    }
  ],
  "dialogs": [
    {
      "rootNodeId": "bf75a4bb-3d06-4dbb-9f41-296054c47475",
      "messageNodes": [
        {
          "botMessageId": "c1184b0e-7a48-4466-be00-ebe128305461",
          "nodeType": "BotMessageNode",
          "id": "bf75a4bb-3d06-4dbb-9f41-296054c47475",
          "defaultTargetNodeId": "1c36b138-a986-4074-89fa-ec0996a49347"
        }
      ],
      "dialogChangeNodes": [
        {
          "targetDialogId": "new_topic_9215a13fa73a4559acc63305146a7bd8_aeabea4d071f415c8c107e1cb7af5424_assumedsuccess",
          "nodeType": "DialogChangeNode",
          "id": "1c36b138-a986-4074-89fa-ec0996a49347"
        }
      ],
      "id": "new_topic_14674d3085e14df99f08ec01c795743e",
      "displayName": "Dialog for チャンネル名に特殊文字を使用できますか？",
      "createdTime": "2021-03-25T06:43:08.5591285Z",
      "updatedTime": "2021-03-26T06:59:02.3779851Z",
      "createdUserId": "93a3e0a0-a0f7-4803-ab57-3609dfe6e344",
      "updatedUserId": "93a3e0a0-a0f7-4803-ab57-3609dfe6e344"
    }
  ],
  "botMessages": [
    {
      "channelContent": {
        "web": {
          "contentFormat": "Markdown",
          "content": "最初は必ず文字だけでチャネルに名前を付けてください。 次に、名前を編集してアイコンを追加します。\n\nただし、 チャネル名 に次の文字または単語を含めることはできません。\n\n文字：~ # % & \\* {{ }} + / \\\\ : < > ? |'' .\n\n単語：Forms, CON, CONIN$, CONOUT$, PRN, AUX, NUL, COM1 to COM9, LPT1 to LPT9, desktop.ini, \\_vti\\_\n\n注意：チャネル名は、アンダースコア (\\_) またはピリオド (.) で開始、もしくは、ピリオド (.) で終了することはできません。"
        }
      },
      "id": "c1184b0e-7a48-4466-be00-ebe128305461",
      "createdTime": "2021-03-25T06:43:08.5591285Z",
      "updatedTime": "2021-03-25T06:43:08.5591285Z",
      "createdUserId": "93a3e0a0-a0f7-4803-ab57-3609dfe6e344",
      "updatedUserId": "93a3e0a0-a0f7-4803-ab57-3609dfe6e344"
    }
  ],
  "createdUtc": "0001-01-01T00:00:00Z"
}