{
  "intents": [
    {
      "triggerQueries": [
        "チームにメンバーを追加する方法は？"
      ],
      "dialogId": "new_topic_8b00049e47af46ffbed32fdce764845e",
      "isTriggeringEnabled": true,
      "id": "new_topic_8b00049e47af46ffbed32fdce764845e",
      "displayName": "チームにメンバーを追加する方法は？",
      "description": "https://adoptionbot-test.azurewebsites.net/adoptbot2021-Japanese.xlsx",
      "createdTime": "2021-03-25T06:43:08.5581282Z",
      "updatedTime": "2021-03-25T06:51:34.3840548Z",
      "createdUserId": "93a3e0a0-a0f7-4803-ab57-3609dfe6e344",
      "updatedUserId": "93a3e0a0-a0f7-4803-ab57-3609dfe6e344"
    }
  ],
  "dialogs": [
    {
      "rootNodeId": "745cc412-3716-48d8-963f-09aa918040ef",
      "messageNodes": [
        {
          "botMessageId": "269b030d-b9c7-46f5-886b-36c3d22f397b",
          "nodeType": "BotMessageNode",
          "id": "745cc412-3716-48d8-963f-09aa918040ef",
          "defaultTargetNodeId": "4dd0e68d-17ca-4315-9cd6-cbe8b1d5fd5b"
        }
      ],
      "dialogChangeNodes": [
        {
          "targetDialogId": "new_topic_9215a13fa73a4559acc63305146a7bd8_aeabea4d071f415c8c107e1cb7af5424_assumedsuccess",
          "nodeType": "DialogChangeNode",
          "id": "4dd0e68d-17ca-4315-9cd6-cbe8b1d5fd5b"
        }
      ],
      "id": "new_topic_8b00049e47af46ffbed32fdce764845e",
      "displayName": "Dialog for チームにメンバーを追加する方法は？",
      "createdTime": "2021-03-25T06:43:08.5581282Z",
      "updatedTime": "2021-03-26T04:20:17.5410409Z",
      "createdUserId": "93a3e0a0-a0f7-4803-ab57-3609dfe6e344",
      "updatedUserId": "93a3e0a0-a0f7-4803-ab57-3609dfe6e344"
    }
  ],
  "botMessages": [
    {
      "channelContent": {
        "web": {
          "contentFormat": "Markdown",
          "content": "チームの所有者はチームにメンバーを追加することができます。 チーム名に移動し、**\\[その他のオプション\\]** をクリックし、**\\[メンバーを追加\\]** をクリックします。 同じ画面で、組織外のゲストを招待してチームに参加させることもできます。 複数のユーザーを追加するには、連絡先グループ (\"配布リスト\" とも呼ばれます)、セキュリティ グループ、または Microsoft 365 グループの名前を入力します。"
        }
      },
      "id": "269b030d-b9c7-46f5-886b-36c3d22f397b",
      "createdTime": "2021-03-25T06:43:08.5581282Z",
      "updatedTime": "2021-03-25T06:43:08.5581282Z",
      "createdUserId": "93a3e0a0-a0f7-4803-ab57-3609dfe6e344",
      "updatedUserId": "93a3e0a0-a0f7-4803-ab57-3609dfe6e344"
    }
  ],
  "createdUtc": "0001-01-01T00:00:00Z"
}