{
  "intents": [
    {
      "triggerQueries": [
        "@メンションとはどういう意味ですか？"
      ],
      "dialogId": "new_topic_b6d217640bad456181fb1cc8c9598587",
      "isTriggeringEnabled": true,
      "id": "new_topic_b6d217640bad456181fb1cc8c9598587",
      "displayName": "@メンションとはどういう意味ですか？",
      "description": "https://adoptionbot-test.azurewebsites.net/adoptbot2021-Japanese.xlsx",
      "createdTime": "2021-03-25T06:43:08.5581282Z",
      "updatedTime": "2021-03-25T06:51:26.1857592Z",
      "createdUserId": "93a3e0a0-a0f7-4803-ab57-3609dfe6e344",
      "updatedUserId": "93a3e0a0-a0f7-4803-ab57-3609dfe6e344"
    }
  ],
  "dialogs": [
    {
      "rootNodeId": "c9676fa1-2404-4c77-9ea6-f17ad932ff1e",
      "messageNodes": [
        {
          "botMessageId": "0bd90a84-a3d2-4889-9574-27e8f61a0abf",
          "nodeType": "BotMessageNode",
          "id": "c9676fa1-2404-4c77-9ea6-f17ad932ff1e",
          "defaultTargetNodeId": "be1711cd-4a74-4864-a790-6f4477bdbb94"
        }
      ],
      "dialogChangeNodes": [
        {
          "targetDialogId": "new_topic_9215a13fa73a4559acc63305146a7bd8_aeabea4d071f415c8c107e1cb7af5424_assumedsuccess",
          "nodeType": "DialogChangeNode",
          "id": "be1711cd-4a74-4864-a790-6f4477bdbb94"
        }
      ],
      "id": "new_topic_b6d217640bad456181fb1cc8c9598587",
      "displayName": "Dialog for @メンションとはどういう意味ですか？",
      "createdTime": "2021-03-25T06:43:08.5581282Z",
      "updatedTime": "2021-03-26T04:29:36.1650706Z",
      "createdUserId": "93a3e0a0-a0f7-4803-ab57-3609dfe6e344",
      "updatedUserId": "93a3e0a0-a0f7-4803-ab57-3609dfe6e344"
    }
  ],
  "botMessages": [
    {
      "channelContent": {
        "web": {
          "contentFormat": "Markdown",
          "content": "＠メンション は通知機能です。チャネルの会話やチャットで相手に投稿をお知らせします。\n\n誰かがあなたに＠メンションすると、アクティビティ フィードに通知が届きます。また、＠メンションされたチャネルまたはチャットの横に番号が表示されます。 通知をクリックして、会話の中で彼らがあなたにメンションしたポイントに直接移動します。\n\n＠メンションが多い場合は、[アクティビティ フィードをフィルタリング](https://support.microsoft.com/ja-jp/office/teams-%e3%81%ae%e3%82%a2%e3%82%af%e3%83%86%e3%82%a3%e3%83%93%e3%83%86%e3%82%a3-%e3%83%95%e3%82%a3%e3%83%bc%e3%83%89%e3%81%ab%e3%81%a4%e3%81%84%e3%81%a6-91c635a1-644a-4c60-9c98-233db3e13a56?ui=ja-JP&rs=ja-JP&ad=JP)して、それらを整理することができます。\n\n誰かを ＠メンションするには、作成ボックスに「**＠**」と入力し、表示されるメニューから名前を選択します。"
        }
      },
      "id": "0bd90a84-a3d2-4889-9574-27e8f61a0abf",
      "createdTime": "2021-03-25T06:43:08.5581282Z",
      "updatedTime": "2021-03-25T06:43:08.5581282Z",
      "createdUserId": "93a3e0a0-a0f7-4803-ab57-3609dfe6e344",
      "updatedUserId": "93a3e0a0-a0f7-4803-ab57-3609dfe6e344"
    }
  ],
  "createdUtc": "0001-01-01T00:00:00Z"
}