{
  "intents": [
    {
      "triggerQueries": [
        "Teams から SharePoint でファイルを開く方法は？"
      ],
      "dialogId": "new_topic_79c4862e40f0478eb1a243400d0197c1",
      "isTriggeringEnabled": true,
      "id": "new_topic_79c4862e40f0478eb1a243400d0197c1",
      "displayName": "Teams から SharePoint でファイルを開く方法は？",
      "description": "https://adoptionbot-test.azurewebsites.net/adoptbot2021-Japanese.xlsx",
      "createdTime": "2021-03-25T06:43:08.5581282Z",
      "updatedTime": "2021-03-25T06:57:38.5093691Z",
      "createdUserId": "93a3e0a0-a0f7-4803-ab57-3609dfe6e344",
      "updatedUserId": "93a3e0a0-a0f7-4803-ab57-3609dfe6e344"
    }
  ],
  "dialogs": [
    {
      "rootNodeId": "6b61dde6-3b71-4c47-8cbf-db9bca8dedd5",
      "messageNodes": [
        {
          "botMessageId": "28ba2595-fa04-4a4e-a823-4c3ab181466b",
          "nodeType": "BotMessageNode",
          "id": "6b61dde6-3b71-4c47-8cbf-db9bca8dedd5",
          "defaultTargetNodeId": "dbd04a77-a343-44d7-bdc2-5a1bae537fd3"
        }
      ],
      "dialogChangeNodes": [
        {
          "targetDialogId": "new_topic_9215a13fa73a4559acc63305146a7bd8_aeabea4d071f415c8c107e1cb7af5424_assumedsuccess",
          "nodeType": "DialogChangeNode",
          "id": "dbd04a77-a343-44d7-bdc2-5a1bae537fd3"
        }
      ],
      "id": "new_topic_79c4862e40f0478eb1a243400d0197c1",
      "displayName": "Dialog for Teams から SharePoint でファイルを開く方法は？",
      "createdTime": "2021-03-25T06:43:08.5581282Z",
      "updatedTime": "2021-03-25T12:07:23.1782395Z",
      "createdUserId": "93a3e0a0-a0f7-4803-ab57-3609dfe6e344",
      "updatedUserId": "93a3e0a0-a0f7-4803-ab57-3609dfe6e344"
    }
  ],
  "botMessages": [
    {
      "channelContent": {
        "web": {
          "contentFormat": "Markdown",
          "content": "Teams の ドキュメント オプションで \\[SharePoint で開く\\] を選択すると、ドキュメントを管理する方法が表示されます。\n\n*   ドキュメントのバージョン履歴機能を使用して、ドキュメントの以前のバージョンを検索して開きます。\n*   OneDrive 同期クライアントを使用して OneDrive for Business と同期し、エクスプローラーで Teams のドキュメント ライブラリを表示します。\n*   ドキュメントにアクセスできるユーザーが表示および管理します。\n\n**ヒント：SharePoint ビュー**でファイルやフォルダーを変更しないようにします。 可能であれば、Teams で直接行います。"
        }
      },
      "id": "28ba2595-fa04-4a4e-a823-4c3ab181466b",
      "createdTime": "2021-03-25T06:43:08.5581282Z",
      "updatedTime": "2021-03-25T06:43:08.5581282Z",
      "createdUserId": "93a3e0a0-a0f7-4803-ab57-3609dfe6e344",
      "updatedUserId": "93a3e0a0-a0f7-4803-ab57-3609dfe6e344"
    }
  ],
  "createdUtc": "0001-01-01T00:00:00Z"
}