{
  "intents": [
    {
      "triggerQueries": [
        "電話で会議に参加できるのは、何人ですか？"
      ],
      "dialogId": "new_topic_d7a07a0e408546e3bfbbc4ff9b2f4bd9",
      "isTriggeringEnabled": true,
      "id": "new_topic_d7a07a0e408546e3bfbbc4ff9b2f4bd9",
      "displayName": "電話で会議に参加できるのは、何人ですか？",
      "description": "https://adoptionbot-test.azurewebsites.net/adoptbot2021-Japanese.xlsx",
      "createdTime": "2021-03-25T06:43:08.5581282Z",
      "updatedTime": "2021-03-25T06:56:25.5945419Z",
      "createdUserId": "93a3e0a0-a0f7-4803-ab57-3609dfe6e344",
      "updatedUserId": "93a3e0a0-a0f7-4803-ab57-3609dfe6e344"
    }
  ],
  "dialogs": [
    {
      "rootNodeId": "c0369696-f610-46fd-b723-e64f65b88cf3",
      "messageNodes": [
        {
          "botMessageId": "147fe89a-949e-4449-83d4-4b6a98882af8",
          "nodeType": "BotMessageNode",
          "id": "c0369696-f610-46fd-b723-e64f65b88cf3",
          "defaultTargetNodeId": "74a52229-eeee-4e71-a4ea-254a5b66ac49"
        }
      ],
      "dialogChangeNodes": [
        {
          "targetDialogId": "new_topic_9215a13fa73a4559acc63305146a7bd8_aeabea4d071f415c8c107e1cb7af5424_assumedsuccess",
          "nodeType": "DialogChangeNode",
          "id": "74a52229-eeee-4e71-a4ea-254a5b66ac49"
        }
      ],
      "id": "new_topic_d7a07a0e408546e3bfbbc4ff9b2f4bd9",
      "displayName": "Dialog for 電話で会議に参加できるのは、何人ですか？",
      "createdTime": "2021-03-25T06:43:08.5581282Z",
      "updatedTime": "2021-03-25T12:40:53.6709269Z",
      "createdUserId": "93a3e0a0-a0f7-4803-ab57-3609dfe6e344",
      "updatedUserId": "93a3e0a0-a0f7-4803-ab57-3609dfe6e344"
    }
  ],
  "botMessages": [
    {
      "channelContent": {
        "web": {
          "contentFormat": "Markdown",
          "content": "[電話で会議に参加できる人数](https://docs.microsoft.com/ja-jp/microsoftteams/limits-specifications-teams#meetings-and-calls)は現在 300 人（2021年初頭）です。 制限については、最新情報のリンクをクリックしてください。"
        }
      },
      "id": "147fe89a-949e-4449-83d4-4b6a98882af8",
      "createdTime": "2021-03-25T06:43:08.5581282Z",
      "updatedTime": "2021-03-25T06:43:08.5581282Z",
      "createdUserId": "93a3e0a0-a0f7-4803-ab57-3609dfe6e344",
      "updatedUserId": "93a3e0a0-a0f7-4803-ab57-3609dfe6e344"
    }
  ],
  "createdUtc": "0001-01-01T00:00:00Z"
}