<botcomponent schemaname="new_topic_9215a13fa73a4559acc63305146a7bd8_dbafebd526364487911b63a2a774389f">
  <componenttype>0</componenttype>
  <description>レッスン 3 - このレッスンでは、1 つの条件付きブランチ、変数、エンティティを使用して簡単なトピックを作成する方法を説明します。

トピックでエンティティを使用する場合、ボットはユーザーが入力した内容の主要な情報を識別し、その情報を事前に変数に入力できます。たとえば、お客様が"赤い車を買いたい"と言った場合、お客様が入力した内容の色エンティティをボットが認識するため、どの色の車であるかをお客様に尋ねる必要はありません。 その後、ボットは色を尋ねた場所の質問をスキップします。

エンティティを使用して、オプションの特定のリストを認識することもできます。 このレッスンでは、都道府県をエンティティとして識別し、ボットはユーザーが入力した日本の都道府県を認識します。</description>
  <iscustomizable>1</iscustomizable>
  <name>レッスン 3 - 条件、変数、ビルド済みエンティティを含むトピック</name>
  <statecode>0</statecode>
  <statuscode>1</statuscode>
</botcomponent>