{
  "intents": [
    {
      "triggerQueries": [
        "チームオーナーを追加する方法は？"
      ],
      "dialogId": "new_topic_d38ddece346347588edea58b718c707e",
      "isTriggeringEnabled": true,
      "id": "new_topic_d38ddece346347588edea58b718c707e",
      "displayName": "チームオーナーを追加する方法は？",
      "description": "https://adoptionbot-test.azurewebsites.net/adoptbot2021-Japanese.xlsx",
      "createdTime": "2021-03-25T06:43:08.5581282Z",
      "updatedTime": "2021-03-25T06:59:19.5266039Z",
      "createdUserId": "93a3e0a0-a0f7-4803-ab57-3609dfe6e344",
      "updatedUserId": "93a3e0a0-a0f7-4803-ab57-3609dfe6e344"
    }
  ],
  "dialogs": [
    {
      "rootNodeId": "822e84fb-4c28-440c-a9ea-7eaf2a1fe0aa",
      "messageNodes": [
        {
          "botMessageId": "59837812-5abe-4a7d-9cf7-59604c2d4c1c",
          "nodeType": "BotMessageNode",
          "id": "822e84fb-4c28-440c-a9ea-7eaf2a1fe0aa",
          "defaultTargetNodeId": "d7da23d4-d528-4f08-9745-f590ee836c16"
        }
      ],
      "dialogChangeNodes": [
        {
          "targetDialogId": "new_topic_9215a13fa73a4559acc63305146a7bd8_aeabea4d071f415c8c107e1cb7af5424_assumedsuccess",
          "nodeType": "DialogChangeNode",
          "id": "d7da23d4-d528-4f08-9745-f590ee836c16"
        }
      ],
      "id": "new_topic_d38ddece346347588edea58b718c707e",
      "displayName": "Dialog for チームオーナーを追加する方法は？",
      "createdTime": "2021-03-25T06:43:08.5581282Z",
      "updatedTime": "2021-03-25T10:56:15.0193016Z",
      "createdUserId": "93a3e0a0-a0f7-4803-ab57-3609dfe6e344",
      "updatedUserId": "93a3e0a0-a0f7-4803-ab57-3609dfe6e344"
    }
  ],
  "botMessages": [
    {
      "channelContent": {
        "web": {
          "contentFormat": "Markdown",
          "content": "作成したチームで、 \\[その他のオプション\\] > \\[チームを管理\\] をクリックします。  \n次に、\\[メンバー\\] タブに移動します。 チームの所有者として指定する人を探します。 \\[役割\\] の \\[所有者\\] をクリックします。\n\nヒント：チームごとに少なくとも 2 人の所有者がいることを確認してください。 これにより、所有者の 1 人が不在の場合のバックアップ連絡先を確実にします。"
        }
      },
      "id": "59837812-5abe-4a7d-9cf7-59604c2d4c1c",
      "createdTime": "2021-03-25T06:43:08.5581282Z",
      "updatedTime": "2021-03-25T06:43:08.5581282Z",
      "createdUserId": "93a3e0a0-a0f7-4803-ab57-3609dfe6e344",
      "updatedUserId": "93a3e0a0-a0f7-4803-ab57-3609dfe6e344"
    }
  ],
  "createdUtc": "0001-01-01T00:00:00Z"
}