{
  "intents": [
    {
      "triggerQueries": [
        "ユーザーが PIN を変更する方法は？"
      ],
      "dialogId": "new_topic_77a65a1e6d20470eb32f4aabb7aa2fa2",
      "isTriggeringEnabled": true,
      "id": "new_topic_77a65a1e6d20470eb32f4aabb7aa2fa2",
      "displayName": "ユーザーが PIN を変更する方法は？",
      "description": "https://adoptionbot-test.azurewebsites.net/adoptbot2021-Japanese.xlsx",
      "createdTime": "2021-03-25T06:43:08.5581282Z",
      "updatedTime": "2021-03-25T06:56:43.4222939Z",
      "createdUserId": "93a3e0a0-a0f7-4803-ab57-3609dfe6e344",
      "updatedUserId": "93a3e0a0-a0f7-4803-ab57-3609dfe6e344"
    }
  ],
  "dialogs": [
    {
      "rootNodeId": "6ea16f68-0a45-4437-8942-5eb92740dfe8",
      "messageNodes": [
        {
          "botMessageId": "ba25ca57-e35d-40b5-824d-88ef54c355da",
          "nodeType": "BotMessageNode",
          "id": "6ea16f68-0a45-4437-8942-5eb92740dfe8",
          "defaultTargetNodeId": "9ef9fe68-18ab-4247-a2c2-5f44890ab0c9"
        }
      ],
      "dialogChangeNodes": [
        {
          "targetDialogId": "new_topic_9215a13fa73a4559acc63305146a7bd8_aeabea4d071f415c8c107e1cb7af5424_assumedsuccess",
          "nodeType": "DialogChangeNode",
          "id": "9ef9fe68-18ab-4247-a2c2-5f44890ab0c9"
        }
      ],
      "id": "new_topic_77a65a1e6d20470eb32f4aabb7aa2fa2",
      "displayName": "Dialog for ユーザーが PIN を変更する方法は？",
      "createdTime": "2021-03-25T06:43:08.5581282Z",
      "updatedTime": "2021-03-25T06:43:08.5581282Z",
      "createdUserId": "93a3e0a0-a0f7-4803-ab57-3609dfe6e344",
      "updatedUserId": "93a3e0a0-a0f7-4803-ab57-3609dfe6e344"
    }
  ],
  "botMessages": [
    {
      "channelContent": {
        "web": {
          "contentFormat": "Markdown",
          "content": "PINは、組織の管理者のみリセットできます。"
        }
      },
      "id": "ba25ca57-e35d-40b5-824d-88ef54c355da",
      "createdTime": "2021-03-25T06:43:08.5581282Z",
      "updatedTime": "2021-03-25T06:43:08.5581282Z",
      "createdUserId": "93a3e0a0-a0f7-4803-ab57-3609dfe6e344",
      "updatedUserId": "93a3e0a0-a0f7-4803-ab57-3609dfe6e344"
    }
  ],
  "createdUtc": "0001-01-01T00:00:00Z"
}