{
  "intents": [
    {
      "triggerQueries": [
        "チームの画像を変更する方法は？"
      ],
      "dialogId": "new_topic_ad6b2daddeeb403688c7640e134f81e5",
      "isTriggeringEnabled": true,
      "id": "new_topic_ad6b2daddeeb403688c7640e134f81e5",
      "displayName": "チームの画像を変更する方法は？",
      "description": "https://adoptionbot-test.azurewebsites.net/adoptbot2021-Japanese.xlsx",
      "createdTime": "2021-03-25T06:43:08.5581282Z",
      "updatedTime": "2021-03-25T06:53:51.0334339Z",
      "createdUserId": "93a3e0a0-a0f7-4803-ab57-3609dfe6e344",
      "updatedUserId": "93a3e0a0-a0f7-4803-ab57-3609dfe6e344"
    }
  ],
  "dialogs": [
    {
      "rootNodeId": "3d08b961-e390-4aee-b14f-623a89ddc5a3",
      "messageNodes": [
        {
          "botMessageId": "0dbafd9c-97ff-4fd6-99e8-3f98de925f35",
          "nodeType": "BotMessageNode",
          "id": "3d08b961-e390-4aee-b14f-623a89ddc5a3",
          "defaultTargetNodeId": "da947f49-f369-476e-8fcc-863cc58a0425"
        }
      ],
      "dialogChangeNodes": [
        {
          "targetDialogId": "new_topic_9215a13fa73a4559acc63305146a7bd8_aeabea4d071f415c8c107e1cb7af5424_assumedsuccess",
          "nodeType": "DialogChangeNode",
          "id": "da947f49-f369-476e-8fcc-863cc58a0425"
        }
      ],
      "id": "new_topic_ad6b2daddeeb403688c7640e134f81e5",
      "displayName": "Dialog for チームの画像を変更する方法は？",
      "createdTime": "2021-03-25T06:43:08.5581282Z",
      "updatedTime": "2021-03-26T02:16:13.2925609Z",
      "createdUserId": "93a3e0a0-a0f7-4803-ab57-3609dfe6e344",
      "updatedUserId": "93a3e0a0-a0f7-4803-ab57-3609dfe6e344"
    }
  ],
  "botMessages": [
    {
      "channelContent": {
        "web": {
          "contentFormat": "Markdown",
          "content": "チーム名に移動し、**\\[その他のオプション\\]** > **\\[チームを管理\\]** をクリックします。 **\\[設定\\]** タブで 、\\[チームの画像\\] > \\[画像を変更\\] をクリックします。"
        }
      },
      "id": "0dbafd9c-97ff-4fd6-99e8-3f98de925f35",
      "createdTime": "2021-03-25T06:43:08.5581282Z",
      "updatedTime": "2021-03-25T06:43:08.5581282Z",
      "createdUserId": "93a3e0a0-a0f7-4803-ab57-3609dfe6e344",
      "updatedUserId": "93a3e0a0-a0f7-4803-ab57-3609dfe6e344"
    }
  ],
  "createdUtc": "0001-01-01T00:00:00Z"
}