{
  "intents": [
    {
      "triggerQueries": [
        "ライブ イベントに参加できるユーザーは？"
      ],
      "dialogId": "new_topic_f80542c1600c4d9793acc05070be4cad",
      "isTriggeringEnabled": true,
      "id": "new_topic_f80542c1600c4d9793acc05070be4cad",
      "displayName": "ライブ イベントに参加できるユーザーは？",
      "description": "https://adoptionbot-test.azurewebsites.net/adoptbot2021-Japanese.xlsx",
      "createdTime": "2021-03-25T06:43:08.5591285Z",
      "updatedTime": "2021-03-25T06:50:37.0988862Z",
      "createdUserId": "93a3e0a0-a0f7-4803-ab57-3609dfe6e344",
      "updatedUserId": "93a3e0a0-a0f7-4803-ab57-3609dfe6e344"
    }
  ],
  "dialogs": [
    {
      "rootNodeId": "a330c014-9b77-4770-8113-e6dd2da281f2",
      "messageNodes": [
        {
          "botMessageId": "7c2111e6-4b41-475d-8673-b39c7089642b",
          "nodeType": "BotMessageNode",
          "id": "a330c014-9b77-4770-8113-e6dd2da281f2",
          "defaultTargetNodeId": "28a1acfa-26f4-4e47-abe4-3453b68e11a3"
        }
      ],
      "dialogChangeNodes": [
        {
          "targetDialogId": "new_topic_9215a13fa73a4559acc63305146a7bd8_aeabea4d071f415c8c107e1cb7af5424_assumedsuccess",
          "nodeType": "DialogChangeNode",
          "id": "28a1acfa-26f4-4e47-abe4-3453b68e11a3"
        }
      ],
      "id": "new_topic_f80542c1600c4d9793acc05070be4cad",
      "displayName": "Dialog for ライブ イベントに参加できるユーザーは？",
      "createdTime": "2021-03-25T06:43:08.5591285Z",
      "updatedTime": "2021-03-26T05:24:38.3295827Z",
      "createdUserId": "93a3e0a0-a0f7-4803-ab57-3609dfe6e344",
      "updatedUserId": "93a3e0a0-a0f7-4803-ab57-3609dfe6e344"
    }
  ],
  "botMessages": [
    {
      "channelContent": {
        "web": {
          "contentFormat": "Markdown",
          "content": "**パブリック イベント**：\n\nイベントがパブリックの場合、リンクを持つすべてのユーザーがサインイン無しで参加できます。\n\n**プライベート イベント**：\n\n参加が組織または特定のユーザーやグループに限定されている場合、ユーザーはサインインして参加する必要があります。 外部で作成されたイベントの場合は、Microsoft Stream を含むライセンスが必要です。\n\n詳細については、[「Microsoft Teams ライブ イベントの使用を開始する」](https://support.microsoft.com/ja-jp/office/microsoft-teams-%e3%83%a9%e3%82%a4%e3%83%96-%e3%82%a4%e3%83%99%e3%83%b3%e3%83%88%e3%81%ae%e4%bd%bf%e7%94%a8%e3%82%92%e9%96%8b%e5%a7%8b%e3%81%99%e3%82%8b-d077fec2-a058-483e-9ab5-1494afda578a?ui=ja-JP&rs=ja-JP&ad=JP) を参照してください。"
        }
      },
      "id": "7c2111e6-4b41-475d-8673-b39c7089642b",
      "createdTime": "2021-03-25T06:43:08.5591285Z",
      "updatedTime": "2021-03-25T06:43:08.5591285Z",
      "createdUserId": "93a3e0a0-a0f7-4803-ab57-3609dfe6e344",
      "updatedUserId": "93a3e0a0-a0f7-4803-ab57-3609dfe6e344"
    }
  ],
  "createdUtc": "0001-01-01T00:00:00Z"
}