{
  "intents": [
    {
      "triggerQueries": [
        "電話会議の特徴は？"
      ],
      "dialogId": "new_topic_ba63419133564671b8421ab79a72b580",
      "isTriggeringEnabled": true,
      "id": "new_topic_ba63419133564671b8421ab79a72b580",
      "displayName": "電話会議の特徴は？",
      "description": "https://adoptionbot-test.azurewebsites.net/adoptbot2021-Japanese.xlsx",
      "createdTime": "2021-03-25T06:43:08.5581282Z",
      "updatedTime": "2021-03-25T06:56:02.9770867Z",
      "createdUserId": "93a3e0a0-a0f7-4803-ab57-3609dfe6e344",
      "updatedUserId": "93a3e0a0-a0f7-4803-ab57-3609dfe6e344"
    }
  ],
  "dialogs": [
    {
      "rootNodeId": "7ee32691-a453-47da-9749-1895f5796f88",
      "messageNodes": [
        {
          "botMessageId": "f6efb45b-a356-4570-b691-44c13e6259db",
          "nodeType": "BotMessageNode",
          "id": "7ee32691-a453-47da-9749-1895f5796f88",
          "defaultTargetNodeId": "89d360e2-acfd-4969-a9d6-f0124ceb66ab"
        }
      ],
      "dialogChangeNodes": [
        {
          "targetDialogId": "new_topic_9215a13fa73a4559acc63305146a7bd8_aeabea4d071f415c8c107e1cb7af5424_assumedsuccess",
          "nodeType": "DialogChangeNode",
          "id": "89d360e2-acfd-4969-a9d6-f0124ceb66ab"
        }
      ],
      "id": "new_topic_ba63419133564671b8421ab79a72b580",
      "displayName": "Dialog for 電話会議の特徴は？",
      "createdTime": "2021-03-25T06:43:08.5581282Z",
      "updatedTime": "2021-03-25T12:46:36.5024995Z",
      "createdUserId": "93a3e0a0-a0f7-4803-ab57-3609dfe6e344",
      "updatedUserId": "93a3e0a0-a0f7-4803-ab57-3609dfe6e344"
    }
  ],
  "botMessages": [
    {
      "channelContent": {
        "web": {
          "contentFormat": "Markdown",
          "content": "たとえば、外出中や、ラップトップやモバイル デバイスでMicrosoft Teams アプリを使用して会議に出席できない場合は、電話をかけることで会議に参加できます。<br />電話で Microsoft Teams の会議に参加する方が、コンピューター上のアプリを使用するよりも良い選択肢になるシナリオがあります：インターネット接続が制限されている、会議は音声のみである、ダイヤルインすると通話品質が向上する、また、Bluetooth デバイスを使用してハンズフリーで会議に参加できる場合です。\n\n一部のユーザーにとっては、それがより簡単で便利であるかもしれません。"
        }
      },
      "id": "f6efb45b-a356-4570-b691-44c13e6259db",
      "createdTime": "2021-03-25T06:43:08.5581282Z",
      "updatedTime": "2021-03-25T06:43:08.5581282Z",
      "createdUserId": "93a3e0a0-a0f7-4803-ab57-3609dfe6e344",
      "updatedUserId": "93a3e0a0-a0f7-4803-ab57-3609dfe6e344"
    }
  ],
  "createdUtc": "0001-01-01T00:00:00Z"
}