{
  "intents": [
    {
      "triggerQueries": [
        "最新の会議を行うことはできますか？"
      ],
      "dialogId": "new_topic_b814a69407dd45898b7d3a26389d5130",
      "isTriggeringEnabled": true,
      "id": "new_topic_b814a69407dd45898b7d3a26389d5130",
      "displayName": "最新の会議を行うことはできますか？",
      "description": "https://adoptionbot-test.azurewebsites.net/adoptbot2021-Japanese.xlsx",
      "createdTime": "2021-03-25T06:43:08.5591285Z",
      "updatedTime": "2021-03-25T06:49:30.7107521Z",
      "createdUserId": "93a3e0a0-a0f7-4803-ab57-3609dfe6e344",
      "updatedUserId": "93a3e0a0-a0f7-4803-ab57-3609dfe6e344"
    }
  ],
  "dialogs": [
    {
      "rootNodeId": "e53ee3c0-c0aa-4ad7-891b-e70b19915a2a",
      "messageNodes": [
        {
          "botMessageId": "81ed47b8-1062-421d-a2e8-54ae7c08498d",
          "nodeType": "BotMessageNode",
          "id": "e53ee3c0-c0aa-4ad7-891b-e70b19915a2a",
          "defaultTargetNodeId": "debaa95d-0770-4d5c-9ac2-55ded026beb7"
        }
      ],
      "dialogChangeNodes": [
        {
          "targetDialogId": "new_topic_9215a13fa73a4559acc63305146a7bd8_aeabea4d071f415c8c107e1cb7af5424_assumedsuccess",
          "nodeType": "DialogChangeNode",
          "id": "debaa95d-0770-4d5c-9ac2-55ded026beb7"
        }
      ],
      "id": "new_topic_b814a69407dd45898b7d3a26389d5130",
      "displayName": "Dialog for 最新の会議を行うことはできますか？",
      "createdTime": "2021-03-25T06:43:08.5591285Z",
      "updatedTime": "2021-03-26T06:34:08.6417543Z",
      "createdUserId": "93a3e0a0-a0f7-4803-ab57-3609dfe6e344",
      "updatedUserId": "93a3e0a0-a0f7-4803-ab57-3609dfe6e344"
    }
  ],
  "botMessages": [
    {
      "channelContent": {
        "web": {
          "contentFormat": "Markdown",
          "content": "Teams の設定を開きます。\n\n\\[一般\\] をクリックします。\n\n**\\[新しい会議エクスペリエンスをオンにする\\]** を選択します。\n\nアイコンを右クリックして \\[終了\\] を選択し、Teams を再起動します。\n\nこれは今後の標準となるので、設定を行う必要はありません。"
        }
      },
      "id": "81ed47b8-1062-421d-a2e8-54ae7c08498d",
      "createdTime": "2021-03-25T06:43:08.5591285Z",
      "updatedTime": "2021-03-25T06:43:08.5591285Z",
      "createdUserId": "93a3e0a0-a0f7-4803-ab57-3609dfe6e344",
      "updatedUserId": "93a3e0a0-a0f7-4803-ab57-3609dfe6e344"
    }
  ],
  "createdUtc": "0001-01-01T00:00:00Z"
}