{
  "intents": [
    {
      "triggerQueries": [
        "Teams での会議のエクスペリエンスをカスタマイズできますか？"
      ],
      "dialogId": "new_topic_8fc93bb606a441b6b7a6b7aecae59f04",
      "isTriggeringEnabled": true,
      "id": "new_topic_8fc93bb606a441b6b7a6b7aecae59f04",
      "displayName": "Teams での会議のエクスペリエンスをカスタマイズできますか？",
      "description": "https://adoptionbot-test.azurewebsites.net/adoptbot2021-Japanese.xlsx",
      "createdTime": "2021-03-25T06:43:08.565101Z",
      "updatedTime": "2021-03-25T06:46:30.5092993Z",
      "createdUserId": "93a3e0a0-a0f7-4803-ab57-3609dfe6e344",
      "updatedUserId": "93a3e0a0-a0f7-4803-ab57-3609dfe6e344"
    }
  ],
  "dialogs": [
    {
      "rootNodeId": "4866b244-cd47-4689-97b9-9027a15bc80f",
      "messageNodes": [
        {
          "botMessageId": "4611da06-26c7-4dc9-9f62-5bbd345ed721",
          "nodeType": "BotMessageNode",
          "id": "4866b244-cd47-4689-97b9-9027a15bc80f",
          "defaultTargetNodeId": "8170733c-3c6b-41c1-87b5-8366e7db6ad4"
        }
      ],
      "dialogChangeNodes": [
        {
          "targetDialogId": "new_topic_9215a13fa73a4559acc63305146a7bd8_aeabea4d071f415c8c107e1cb7af5424_assumedsuccess",
          "nodeType": "DialogChangeNode",
          "id": "8170733c-3c6b-41c1-87b5-8366e7db6ad4"
        }
      ],
      "id": "new_topic_8fc93bb606a441b6b7a6b7aecae59f04",
      "displayName": "Dialog for Teams での会議のエクスペリエンスをカスタマイズできますか？",
      "createdTime": "2021-03-25T06:43:08.565101Z",
      "updatedTime": "2021-03-26T07:22:53.1825011Z",
      "createdUserId": "93a3e0a0-a0f7-4803-ab57-3609dfe6e344",
      "updatedUserId": "93a3e0a0-a0f7-4803-ab57-3609dfe6e344"
    }
  ],
  "botMessages": [
    {
      "channelContent": {
        "web": {
          "contentFormat": "Markdown",
          "content": "Teams 会議用のアプリがいくつかあります。 それらを使用すると、ニーズに合わせて会議のエクスペリエンスをカスタマイズできます。 [Microsoft Teams の会議用アプリ](https://www.microsoft.com/ja-jp/microsoft-teams/meetings-apps) を確認してください。\n\n開発者の場合は、[Teams 会議用に独自のアプリを構築](https://docs.microsoft.com/ja-jp/microsoftteams/platform/apps-in-teams-meetings/teams-apps-in-meetings)できます。"
        }
      },
      "id": "4611da06-26c7-4dc9-9f62-5bbd345ed721",
      "createdTime": "2021-03-25T06:43:08.565101Z",
      "updatedTime": "2021-03-25T06:43:08.565101Z",
      "createdUserId": "93a3e0a0-a0f7-4803-ab57-3609dfe6e344",
      "updatedUserId": "93a3e0a0-a0f7-4803-ab57-3609dfe6e344"
    }
  ],
  "createdUtc": "0001-01-01T00:00:00Z"
}