{
  "intents": [
    {
      "triggerQueries": [
        "出席レポートはもらえますか？"
      ],
      "dialogId": "new_topic_65810ea26ad1467395912242450a4d21",
      "isTriggeringEnabled": true,
      "id": "new_topic_65810ea26ad1467395912242450a4d21",
      "displayName": "出席レポートはもらえますか？",
      "description": "https://adoptionbot-test.azurewebsites.net/adoptbot2021-Japanese.xlsx",
      "createdTime": "2021-03-25T06:43:08.5591285Z",
      "updatedTime": "2021-03-25T06:49:59.2982968Z",
      "createdUserId": "93a3e0a0-a0f7-4803-ab57-3609dfe6e344",
      "updatedUserId": "93a3e0a0-a0f7-4803-ab57-3609dfe6e344"
    }
  ],
  "dialogs": [
    {
      "rootNodeId": "6f93f856-d856-4191-a1fc-f01eae501480",
      "messageNodes": [
        {
          "botMessageId": "31fceacd-9c31-4658-a0fa-7db09d1bfb8f",
          "nodeType": "BotMessageNode",
          "id": "6f93f856-d856-4191-a1fc-f01eae501480",
          "defaultTargetNodeId": "ad4141e6-35cc-4727-b9d7-4ec0f8cc4a10"
        }
      ],
      "dialogChangeNodes": [
        {
          "targetDialogId": "new_topic_9215a13fa73a4559acc63305146a7bd8_aeabea4d071f415c8c107e1cb7af5424_assumedsuccess",
          "nodeType": "DialogChangeNode",
          "id": "ad4141e6-35cc-4727-b9d7-4ec0f8cc4a10"
        }
      ],
      "id": "new_topic_65810ea26ad1467395912242450a4d21",
      "displayName": "Dialog for 出席レポートはもらえますか？",
      "createdTime": "2021-03-25T06:43:08.5591285Z",
      "updatedTime": "2021-03-26T06:25:43.6035548Z",
      "createdUserId": "93a3e0a0-a0f7-4803-ab57-3609dfe6e344",
      "updatedUserId": "93a3e0a0-a0f7-4803-ab57-3609dfe6e344"
    }
  ],
  "botMessages": [
    {
      "channelContent": {
        "web": {
          "contentFormat": "Markdown",
          "content": "会議の開催者は、会議出席レポートを表示およびダウンロードできます。 このレポートは、会議の \\[参加者\\] のペインで探します。レポートは、(Excel で開くことができる) .CSV としてダウンロードできます。\n\n詳細については、次の記事を参照してください：[Microsoft Teams 会議出席レポート](https://docs.microsoft.com/ja-jp/microsoftteams/teams-analytics-and-reports/meeting-attendance-report)"
        }
      },
      "id": "31fceacd-9c31-4658-a0fa-7db09d1bfb8f",
      "createdTime": "2021-03-25T06:43:08.5591285Z",
      "updatedTime": "2021-03-25T06:43:08.5591285Z",
      "createdUserId": "93a3e0a0-a0f7-4803-ab57-3609dfe6e344",
      "updatedUserId": "93a3e0a0-a0f7-4803-ab57-3609dfe6e344"
    }
  ],
  "createdUtc": "0001-01-01T00:00:00Z"
}