{
  "intents": [
    {
      "triggerQueries": [
        "Teams から直接会議をスケジュールする方法は？"
      ],
      "dialogId": "new_topic_e3b15774019f401481b72bb7dcf43524",
      "isTriggeringEnabled": true,
      "id": "new_topic_e3b15774019f401481b72bb7dcf43524",
      "displayName": "Teams から直接会議をスケジュールする方法は？",
      "description": "https://adoptionbot-test.azurewebsites.net/adoptbot2021-Japanese.xlsx",
      "createdTime": "2021-03-25T06:43:08.5581282Z",
      "updatedTime": "2021-03-25T06:57:50.4803311Z",
      "createdUserId": "93a3e0a0-a0f7-4803-ab57-3609dfe6e344",
      "updatedUserId": "93a3e0a0-a0f7-4803-ab57-3609dfe6e344"
    }
  ],
  "dialogs": [
    {
      "rootNodeId": "0201bbf2-b2b2-4836-bc5f-22e26a90ebea",
      "messageNodes": [
        {
          "botMessageId": "22b81aed-e14e-4707-bc71-748284c851d4",
          "nodeType": "BotMessageNode",
          "id": "0201bbf2-b2b2-4836-bc5f-22e26a90ebea",
          "defaultTargetNodeId": "89c34c34-be8e-46d7-a4fe-e40f7c7cd30a"
        }
      ],
      "dialogChangeNodes": [
        {
          "targetDialogId": "new_topic_9215a13fa73a4559acc63305146a7bd8_aeabea4d071f415c8c107e1cb7af5424_assumedsuccess",
          "nodeType": "DialogChangeNode",
          "id": "89c34c34-be8e-46d7-a4fe-e40f7c7cd30a"
        }
      ],
      "id": "new_topic_e3b15774019f401481b72bb7dcf43524",
      "displayName": "Dialog for Teams から直接会議をスケジュールする方法は？",
      "createdTime": "2021-03-25T06:43:08.5581282Z",
      "updatedTime": "2021-03-25T12:04:13.8723749Z",
      "createdUserId": "93a3e0a0-a0f7-4803-ab57-3609dfe6e344",
      "updatedUserId": "93a3e0a0-a0f7-4803-ab57-3609dfe6e344"
    }
  ],
  "botMessages": [
    {
      "channelContent": {
        "web": {
          "contentFormat": "Markdown",
          "content": "会議は、Microsoft Teams または Outlook を通じて構成できます。 会議も同じ方法で見られます。 [Teams で直接会議を予約](https://support.microsoft.com/ja-jp/office/teams-%e3%81%a7%e3%81%ae%e4%bc%9a%e8%ad%b0%e3%81%ae%e3%82%b9%e3%82%b1%e3%82%b8%e3%83%a5%e3%83%bc%e3%83%ab%e3%82%92%e8%a8%ad%e5%ae%9a%e3%81%99%e3%82%8b-943507a9-8583-4c58-b5d2-8ec8265e04e5?ui=ja-JP&rs=ja-JP&ad=JP#ID0EAACAAA=Dator)してみることができます！\n\nTeams から直接会議をスケジュールするには：\n\n*   Teams から **\\[カレンダー\\]** に移動し、**\\[新しい会議\\]** をクリックします。\n*   招待するユーザーやチャネルを選択します。\n*   スケジュール アシスタントを使用して、多くの人が参加できる時間を探します。\n*   会議を開催する頻度を選択します (定期的な会議の場合)\n\nOutlook から会議をスケジュールするには：\n\n*   Outlook の \\[会議\\] タブで、\\[Outlook\\] ツールバーの \\[Teams 会議\\] を選択します。\n*   会議の詳細を入力し、スケジュール アシスタントを使用して適切な時刻を探します。\n*   必要に応じて、会議室を入力します。"
        }
      },
      "id": "22b81aed-e14e-4707-bc71-748284c851d4",
      "createdTime": "2021-03-25T06:43:08.5581282Z",
      "updatedTime": "2021-03-25T06:43:08.5581282Z",
      "createdUserId": "93a3e0a0-a0f7-4803-ab57-3609dfe6e344",
      "updatedUserId": "93a3e0a0-a0f7-4803-ab57-3609dfe6e344"
    }
  ],
  "createdUtc": "0001-01-01T00:00:00Z"
}