{
  "intents": [
    {
      "triggerQueries": [
        "ユーザーはパーソナル会議 ID を取得できますか？"
      ],
      "dialogId": "new_topic_f9d74f099224413a9acc06c5a325214e",
      "isTriggeringEnabled": true,
      "id": "new_topic_f9d74f099224413a9acc06c5a325214e",
      "displayName": "ユーザーはパーソナル会議 ID を取得できますか？",
      "description": "https://adoptionbot-test.azurewebsites.net/adoptbot2021-Japanese.xlsx",
      "createdTime": "2021-03-25T06:43:08.5581282Z",
      "updatedTime": "2021-03-25T06:56:29.9306687Z",
      "createdUserId": "93a3e0a0-a0f7-4803-ab57-3609dfe6e344",
      "updatedUserId": "93a3e0a0-a0f7-4803-ab57-3609dfe6e344"
    }
  ],
  "dialogs": [
    {
      "rootNodeId": "8f34680e-2941-4500-9255-a961a2d509aa",
      "messageNodes": [
        {
          "botMessageId": "3a90c584-baf2-4175-8ec7-90a5973560ec",
          "nodeType": "BotMessageNode",
          "id": "8f34680e-2941-4500-9255-a961a2d509aa",
          "defaultTargetNodeId": "93d516cd-d133-491f-b111-bd19c3fbb6e7"
        }
      ],
      "dialogChangeNodes": [
        {
          "targetDialogId": "new_topic_9215a13fa73a4559acc63305146a7bd8_aeabea4d071f415c8c107e1cb7af5424_assumedsuccess",
          "nodeType": "DialogChangeNode",
          "id": "93d516cd-d133-491f-b111-bd19c3fbb6e7"
        }
      ],
      "id": "new_topic_f9d74f099224413a9acc06c5a325214e",
      "displayName": "Dialog for ユーザーはパーソナル会議 ID を取得できますか？",
      "createdTime": "2021-03-25T06:43:08.5581282Z",
      "updatedTime": "2021-03-25T06:43:08.5581282Z",
      "createdUserId": "93a3e0a0-a0f7-4803-ab57-3609dfe6e344",
      "updatedUserId": "93a3e0a0-a0f7-4803-ab57-3609dfe6e344"
    }
  ],
  "botMessages": [
    {
      "channelContent": {
        "web": {
          "contentFormat": "Markdown",
          "content": "Microsoft Teams ユーザーにはランダムに会議 ID が割り当てられます。 自分だけが使用できる静的な会議 ID を予約または入力することはできません。"
        }
      },
      "id": "3a90c584-baf2-4175-8ec7-90a5973560ec",
      "createdTime": "2021-03-25T06:43:08.5581282Z",
      "updatedTime": "2021-03-25T06:43:08.5581282Z",
      "createdUserId": "93a3e0a0-a0f7-4803-ab57-3609dfe6e344",
      "updatedUserId": "93a3e0a0-a0f7-4803-ab57-3609dfe6e344"
    }
  ],
  "createdUtc": "0001-01-01T00:00:00Z"
}