{
  "intents": [
    {
      "triggerQueries": [
        "Teams の情報保護について教えてください"
      ],
      "dialogId": "new_topic_c676d26ea5aa462c917e716676601351",
      "isTriggeringEnabled": true,
      "id": "new_topic_c676d26ea5aa462c917e716676601351",
      "displayName": "Teams の情報保護について教えてください",
      "description": "https://adoptionbot-test.azurewebsites.net/adoptbot2021-Japanese.xlsx",
      "createdTime": "2021-03-25T06:43:08.5581282Z",
      "updatedTime": "2021-03-26T02:35:03.9679609Z",
      "createdUserId": "93a3e0a0-a0f7-4803-ab57-3609dfe6e344",
      "updatedUserId": "93a3e0a0-a0f7-4803-ab57-3609dfe6e344"
    }
  ],
  "dialogs": [
    {
      "rootNodeId": "8d92bdbc-8ade-4470-b6e6-77ca4f82af38",
      "messageNodes": [
        {
          "botMessageId": "20dc2471-3755-4480-a7de-ea3eed0acfa3",
          "nodeType": "BotMessageNode",
          "id": "8d92bdbc-8ade-4470-b6e6-77ca4f82af38",
          "defaultTargetNodeId": "6335e04b-801d-4155-9023-751a5ccde584"
        }
      ],
      "dialogChangeNodes": [
        {
          "targetDialogId": "new_topic_9215a13fa73a4559acc63305146a7bd8_aeabea4d071f415c8c107e1cb7af5424_assumedsuccess",
          "nodeType": "DialogChangeNode",
          "id": "6335e04b-801d-4155-9023-751a5ccde584"
        }
      ],
      "id": "new_topic_c676d26ea5aa462c917e716676601351",
      "displayName": "Dialog for Teams の情報保護について教えてください",
      "createdTime": "2021-03-25T06:43:08.5581282Z",
      "updatedTime": "2021-03-26T02:40:21.7917215Z",
      "createdUserId": "93a3e0a0-a0f7-4803-ab57-3609dfe6e344",
      "updatedUserId": "93a3e0a0-a0f7-4803-ab57-3609dfe6e344"
    }
  ],
  "botMessages": [
    {
      "channelContent": {
        "web": {
          "contentFormat": "Markdown",
          "content": "法的、規制上、およびコンテンツ セキュリティの必要性を満たすために、Teams は [Microsoft 365 セキュリティ/コンプライアンス センター](https://docs.microsoft.com/ja-jp/microsoft-365/compliance/microsoft-365-compliance-center?view=o365-worldwide)を通して次の情報保護機能を提供します。\n\n**アーカイブ**： Teams 関連のワークロードに格納されているコンテンツはすべて、エンタープライズ企業ポリシーに従い、変わることなく保存される必要があります。\n\n**コンプライアンス コンテンツ検索**：あらゆるワークロードに格納されているコンテンツはすべて、豊富なフィルタ処理機能によって検索できます。 すべてのコンテンツは、コンプライアンスおよび訴訟のサポートのために、特定のコンテナにエクスポートできます。\n\n**電子情報開示**：事例管理、保存、検索、分析、エクスポートを含む電子情報開示の豊富なインプレース機能を利用できることにより、費用とリスクを軽減しながら、顧客が電子情報開示プロセスを簡素化して関連データをすばやく特定できるようになります。\n\n**訴訟ホールド**：チームまたは個人がインプレース ホールドまたは訴訟ホールドに入ると、そのホールドはプライマリ メッセージとアーカイブ済みメッセージの両方に適用されます (編集や削除は排除されます)。\n\n**監査ログの検索**：すべてのチーム アクティビティおよびビジネス イベントが取得されていて、顧客検索およびエクスポートのために利用可能である必要があります。\n\n**Exchange Online Protection**：チャネルに送信されるメール メッセージは、 Microsoft 365 用の Exchange Online Protection および Advanced Threat Protection を介してスパム、マルウェア、悪意のあるリンク、スプーフィング、フィッシングとしてフィルタ処理されます。\n\n**条件付きアクセス**：Teams へのアクセスは IT 管理者または会社組織の設定したポリシーおよびセキュリティ ルールに準拠しているデバイスに制限されます。 これには iOS および Android 用の Intune での MDM と MAM のサポートも含まれます。\n\nこれらのコンプライアンスに関連する機能の詳細については、「[Microsoft 365 のセキュリティとコンプライアンスの概要](https://docs.microsoft.com/ja-jp/microsoft-365/?view=o365-worldwide)」をご覧ください。\n\nコンテンツ検索と Teams の詳細については、「[Microsoft 365 セキュリティ/コンプライアンス センターでコンテンツ検索](https://docs.microsoft.com/ja-jp/microsoft-365/compliance/content-search?view=o365-worldwide#teams)を実行する」の Teams セクションをご覧ください。"
        }
      },
      "id": "20dc2471-3755-4480-a7de-ea3eed0acfa3",
      "createdTime": "2021-03-25T06:43:08.5581282Z",
      "updatedTime": "2021-03-25T06:43:08.5581282Z",
      "createdUserId": "93a3e0a0-a0f7-4803-ab57-3609dfe6e344",
      "updatedUserId": "93a3e0a0-a0f7-4803-ab57-3609dfe6e344"
    }
  ],
  "createdUtc": "0001-01-01T00:00:00Z"
}