{
  "intents": [
    {
      "triggerQueries": [
        "送信済みメッセージを編集する方法は？"
      ],
      "dialogId": "new_topic_90675441117d4d12b2774b0b57393b5c",
      "isTriggeringEnabled": true,
      "id": "new_topic_90675441117d4d12b2774b0b57393b5c",
      "displayName": "送信済みメッセージを編集する方法は？",
      "description": "https://adoptionbot-test.azurewebsites.net/adoptbot2021-Japanese.xlsx",
      "createdTime": "2021-03-25T06:43:08.5591285Z",
      "updatedTime": "2021-03-25T06:47:01.3420192Z",
      "createdUserId": "93a3e0a0-a0f7-4803-ab57-3609dfe6e344",
      "updatedUserId": "93a3e0a0-a0f7-4803-ab57-3609dfe6e344"
    }
  ],
  "dialogs": [
    {
      "rootNodeId": "f5a02f87-a16e-4e23-a2e7-6fe031ac3021",
      "messageNodes": [
        {
          "botMessageId": "b48965f6-c226-4d9b-9ad9-5a244dbf63d1",
          "nodeType": "BotMessageNode",
          "id": "f5a02f87-a16e-4e23-a2e7-6fe031ac3021",
          "defaultTargetNodeId": "ea4383bc-972a-49c7-bc06-02447f3232e1"
        }
      ],
      "dialogChangeNodes": [
        {
          "targetDialogId": "new_topic_9215a13fa73a4559acc63305146a7bd8_aeabea4d071f415c8c107e1cb7af5424_assumedsuccess",
          "nodeType": "DialogChangeNode",
          "id": "ea4383bc-972a-49c7-bc06-02447f3232e1"
        }
      ],
      "id": "new_topic_90675441117d4d12b2774b0b57393b5c",
      "displayName": "Dialog for 送信済みメッセージを編集する方法は？",
      "createdTime": "2021-03-25T06:43:08.5591285Z",
      "updatedTime": "2021-03-26T07:02:50.9771602Z",
      "createdUserId": "93a3e0a0-a0f7-4803-ab57-3609dfe6e344",
      "updatedUserId": "93a3e0a0-a0f7-4803-ab57-3609dfe6e344"
    }
  ],
  "botMessages": [
    {
      "channelContent": {
        "web": {
          "contentFormat": "Markdown",
          "content": "チャットやチャネルに送信したメッセージは、すべて編集できます。 メッセージに移動して、**\\[その他のオプション\\] > \\[編集\\]** を選択します。 メッセージに変更を加えた後、Enter キーを押して更新を保存します。 送信済みメッセージを変更できる回数に制限はありません。\n\n_注意：一部の組織またはチームでは、このオプションが無効になっている場合があります。_"
        }
      },
      "id": "b48965f6-c226-4d9b-9ad9-5a244dbf63d1",
      "createdTime": "2021-03-25T06:43:08.5591285Z",
      "updatedTime": "2021-03-25T06:43:08.5591285Z",
      "createdUserId": "93a3e0a0-a0f7-4803-ab57-3609dfe6e344",
      "updatedUserId": "93a3e0a0-a0f7-4803-ab57-3609dfe6e344"
    }
  ],
  "createdUtc": "0001-01-01T00:00:00Z"
}