{
  "intents": [
    {
      "triggerQueries": [
        "一般チャネルとは何ですか？"
      ],
      "dialogId": "new_topic_76aa3f7c15694be1b533354453e90413",
      "isTriggeringEnabled": true,
      "id": "new_topic_76aa3f7c15694be1b533354453e90413",
      "displayName": "一般チャネルとは何ですか？",
      "description": "https://adoptionbot-test.azurewebsites.net/adoptbot2021-Japanese.xlsx",
      "createdTime": "2021-03-25T06:43:08.5581282Z",
      "updatedTime": "2021-03-25T06:59:06.1788972Z",
      "createdUserId": "93a3e0a0-a0f7-4803-ab57-3609dfe6e344",
      "updatedUserId": "93a3e0a0-a0f7-4803-ab57-3609dfe6e344"
    }
  ],
  "dialogs": [
    {
      "rootNodeId": "b2816969-bff3-4a17-81ec-908e84a74b51",
      "messageNodes": [
        {
          "botMessageId": "a3a03c73-849b-434c-83d8-5c3dfac90308",
          "nodeType": "BotMessageNode",
          "id": "b2816969-bff3-4a17-81ec-908e84a74b51",
          "defaultTargetNodeId": "da66d160-1c1d-4cd9-82af-60e80112b228"
        }
      ],
      "dialogChangeNodes": [
        {
          "targetDialogId": "new_topic_9215a13fa73a4559acc63305146a7bd8_aeabea4d071f415c8c107e1cb7af5424_assumedsuccess",
          "nodeType": "DialogChangeNode",
          "id": "da66d160-1c1d-4cd9-82af-60e80112b228"
        }
      ],
      "id": "new_topic_76aa3f7c15694be1b533354453e90413",
      "displayName": "Dialog for 一般チャネルとは何ですか？",
      "createdTime": "2021-03-25T06:43:08.5581282Z",
      "updatedTime": "2021-03-25T11:35:50.4524457Z",
      "createdUserId": "93a3e0a0-a0f7-4803-ab57-3609dfe6e344",
      "updatedUserId": "93a3e0a0-a0f7-4803-ab57-3609dfe6e344"
    }
  ],
  "botMessages": [
    {
      "channelContent": {
        "web": {
          "contentFormat": "Markdown",
          "content": "既定では、各チームで \\[一般\\] チャネルが作成されます。 \\[一般\\] チャネルには、様々な目的があります。\n\n*   チームが達成したいことの概要を共有するために使用します。 たとえば、プロジェクトの概要やチームに誰がいるかなどです。\n*   新しいチーム メンバーのための演習や、新しいチーム メンバーが一般的な情報を探すのに使用します。\n*   情報発信をするのに使用します。\n\nチャネルに名前を付ける場合は、チャネルは \\[一般\\] チャネルの後にアルファベット順に並べられます。 現在、\\[一般\\] チャネルを削除することはできません。"
        }
      },
      "id": "a3a03c73-849b-434c-83d8-5c3dfac90308",
      "createdTime": "2021-03-25T06:43:08.5581282Z",
      "updatedTime": "2021-03-25T06:43:08.5581282Z",
      "createdUserId": "93a3e0a0-a0f7-4803-ab57-3609dfe6e344",
      "updatedUserId": "93a3e0a0-a0f7-4803-ab57-3609dfe6e344"
    }
  ],
  "createdUtc": "0001-01-01T00:00:00Z"
}