{
  "intents": [
    {
      "triggerQueries": [
        "OneDrive とは何ですか？"
      ],
      "dialogId": "new_topic_03b5942fc4934b95b30059d0da6a2654",
      "isTriggeringEnabled": true,
      "id": "new_topic_03b5942fc4934b95b30059d0da6a2654",
      "displayName": "OneDrive とは何ですか？",
      "description": "https://adoptionbot-test.azurewebsites.net/adoptbot2021-Japanese.xlsx",
      "createdTime": "2021-03-25T06:43:08.5581282Z",
      "updatedTime": "2021-03-25T06:55:37.3657766Z",
      "createdUserId": "93a3e0a0-a0f7-4803-ab57-3609dfe6e344",
      "updatedUserId": "93a3e0a0-a0f7-4803-ab57-3609dfe6e344"
    }
  ],
  "dialogs": [
    {
      "rootNodeId": "0cabe44b-c610-494a-8a03-522bc2c089d2",
      "messageNodes": [
        {
          "botMessageId": "b65caa39-814d-4a45-8117-447b5f2ae887",
          "nodeType": "BotMessageNode",
          "id": "0cabe44b-c610-494a-8a03-522bc2c089d2",
          "defaultTargetNodeId": "e6f08432-fdec-472b-9ee0-2b1aa1d3c5c8"
        }
      ],
      "dialogChangeNodes": [
        {
          "targetDialogId": "new_topic_9215a13fa73a4559acc63305146a7bd8_aeabea4d071f415c8c107e1cb7af5424_assumedsuccess",
          "nodeType": "DialogChangeNode",
          "id": "e6f08432-fdec-472b-9ee0-2b1aa1d3c5c8"
        }
      ],
      "id": "new_topic_03b5942fc4934b95b30059d0da6a2654",
      "displayName": "Dialog for OneDrive とは何ですか？",
      "createdTime": "2021-03-25T06:43:08.5581282Z",
      "updatedTime": "2021-03-25T06:43:08.5581282Z",
      "createdUserId": "93a3e0a0-a0f7-4803-ab57-3609dfe6e344",
      "updatedUserId": "93a3e0a0-a0f7-4803-ab57-3609dfe6e344"
    }
  ],
  "botMessages": [
    {
      "channelContent": {
        "web": {
          "contentFormat": "Markdown",
          "content": "OneDrive は、ドキュメント、メモ、写真、音楽、ビデオ、またはその他のファイルを保存するために使用できるオンライン ストレージ サービスです。 OneDrive を使用すると、ほぼすべてのデバイスからファイルにアクセスでき、他のユーザーと共有することができます。"
        }
      },
      "id": "b65caa39-814d-4a45-8117-447b5f2ae887",
      "createdTime": "2021-03-25T06:43:08.5581282Z",
      "updatedTime": "2021-03-25T06:43:08.5581282Z",
      "createdUserId": "93a3e0a0-a0f7-4803-ab57-3609dfe6e344",
      "updatedUserId": "93a3e0a0-a0f7-4803-ab57-3609dfe6e344"
    }
  ],
  "createdUtc": "0001-01-01T00:00:00Z"
}