{
  "intents": [
    {
      "triggerQueries": [
        "OneNote を入手する方法は？"
      ],
      "dialogId": "new_topic_b9a2dab1026e4a4b9c5accd6e41d8419",
      "isTriggeringEnabled": true,
      "id": "new_topic_b9a2dab1026e4a4b9c5accd6e41d8419",
      "displayName": "OneNote を入手する方法は？",
      "description": "https://adoptionbot-test.azurewebsites.net/adoptbot2021-Japanese.xlsx",
      "createdTime": "2021-03-25T06:43:08.5581282Z",
      "updatedTime": "2021-03-25T06:55:50.7050902Z",
      "createdUserId": "93a3e0a0-a0f7-4803-ab57-3609dfe6e344",
      "updatedUserId": "93a3e0a0-a0f7-4803-ab57-3609dfe6e344"
    }
  ],
  "dialogs": [
    {
      "rootNodeId": "ae162f88-9560-436b-a00e-98bbef166e55",
      "messageNodes": [
        {
          "botMessageId": "afd870e8-474b-49af-879c-47edb19060ef",
          "nodeType": "BotMessageNode",
          "id": "ae162f88-9560-436b-a00e-98bbef166e55",
          "defaultTargetNodeId": "0075d56f-067a-4074-9ae5-46e1138e0d1e"
        }
      ],
      "dialogChangeNodes": [
        {
          "targetDialogId": "new_topic_9215a13fa73a4559acc63305146a7bd8_aeabea4d071f415c8c107e1cb7af5424_assumedsuccess",
          "nodeType": "DialogChangeNode",
          "id": "0075d56f-067a-4074-9ae5-46e1138e0d1e"
        }
      ],
      "id": "new_topic_b9a2dab1026e4a4b9c5accd6e41d8419",
      "displayName": "Dialog for OneNote を入手する方法は？",
      "createdTime": "2021-03-25T06:43:08.5581282Z",
      "updatedTime": "2021-03-26T01:23:22.3740545Z",
      "createdUserId": "93a3e0a0-a0f7-4803-ab57-3609dfe6e344",
      "updatedUserId": "93a3e0a0-a0f7-4803-ab57-3609dfe6e344"
    }
  ],
  "botMessages": [
    {
      "channelContent": {
        "web": {
          "contentFormat": "Markdown",
          "content": "使用するデバイスに応じて、 [ニーズに合った OneNote](https://support.microsoft.com/ja-jp/office/onenote-%e3%83%90%e3%83%bc%e3%82%b8%e3%83%a7%e3%83%b3%e3%81%a8%e3%81%af%e4%bd%95%e3%81%8c%e9%81%95%e3%81%86%e3%81%ae%e3%81%8b-a624e692-b78b-4c09-b07f-46181958118f?ui=ja-JP&rs=ja-JP&ad=JP) があります。\n\n*   OneNote (以前は \"OneNote 2016\" と呼ばれていました) は、無料のデスクトップ アプリで、Office 2019 および Microsoft 365 の一部です。\n*   OneNote for Windows 10 は、Windows 10 のすべてのエディションにプレインストールされていて、[Microsoft Store](https://www.microsoft.com/ja-jp/p/onenote-for-windows-10/9wzdncrfhvjl?activetab=pivot:overviewtab) で無料でダウンロードできます。"
        }
      },
      "id": "afd870e8-474b-49af-879c-47edb19060ef",
      "createdTime": "2021-03-25T06:43:08.5581282Z",
      "updatedTime": "2021-03-25T06:43:08.5581282Z",
      "createdUserId": "93a3e0a0-a0f7-4803-ab57-3609dfe6e344",
      "updatedUserId": "93a3e0a0-a0f7-4803-ab57-3609dfe6e344"
    }
  ],
  "createdUtc": "0001-01-01T00:00:00Z"
}