{
  "intents": [
    {
      "triggerQueries": [
        "チャネルを表示またはフォローするにはどうすればよいですか？"
      ],
      "dialogId": "new_topic_d55c23ca951a4dfe9d643fb1a737820d",
      "isTriggeringEnabled": true,
      "id": "new_topic_d55c23ca951a4dfe9d643fb1a737820d",
      "displayName": "チャネルを表示またはフォローするにはどうすればよいですか？",
      "description": "https://adoptionbot-test.azurewebsites.net/adoptbot2021-Japanese.xlsx",
      "createdTime": "2021-03-25T06:43:08.5581282Z",
      "updatedTime": "2021-03-26T01:49:36.1091481Z",
      "createdUserId": "93a3e0a0-a0f7-4803-ab57-3609dfe6e344",
      "updatedUserId": "93a3e0a0-a0f7-4803-ab57-3609dfe6e344"
    }
  ],
  "dialogs": [
    {
      "rootNodeId": "ed16e448-9845-422f-b1d0-72b1f5dc4119",
      "messageNodes": [
        {
          "botMessageId": "5a06cf24-66f1-4c62-b1ff-4bc28464c609",
          "nodeType": "BotMessageNode",
          "id": "ed16e448-9845-422f-b1d0-72b1f5dc4119",
          "defaultTargetNodeId": "619ac2b7-37b0-4b67-bb55-6fd48af2b244"
        }
      ],
      "dialogChangeNodes": [
        {
          "targetDialogId": "new_topic_9215a13fa73a4559acc63305146a7bd8_aeabea4d071f415c8c107e1cb7af5424_assumedsuccess",
          "nodeType": "DialogChangeNode",
          "id": "619ac2b7-37b0-4b67-bb55-6fd48af2b244"
        }
      ],
      "id": "new_topic_d55c23ca951a4dfe9d643fb1a737820d",
      "displayName": "Dialog for チャネルを表示またはフォローするにはどうすればよいですか？",
      "createdTime": "2021-03-25T06:43:08.5581282Z",
      "updatedTime": "2021-03-26T01:51:32.5839952Z",
      "createdUserId": "93a3e0a0-a0f7-4803-ab57-3609dfe6e344",
      "updatedUserId": "93a3e0a0-a0f7-4803-ab57-3609dfe6e344"
    }
  ],
  "botMessages": [
    {
      "channelContent": {
        "web": {
          "contentFormat": "Markdown",
          "content": "チャネルで、\\[その他の設定\\]> \\[表示\\] をクリックします。"
        }
      },
      "id": "5a06cf24-66f1-4c62-b1ff-4bc28464c609",
      "createdTime": "2021-03-25T06:43:08.5581282Z",
      "updatedTime": "2021-03-25T06:43:08.5581282Z",
      "createdUserId": "93a3e0a0-a0f7-4803-ab57-3609dfe6e344",
      "updatedUserId": "93a3e0a0-a0f7-4803-ab57-3609dfe6e344"
    }
  ],
  "createdUtc": "0001-01-01T00:00:00Z"
}