{
  "intents": [
    {
      "triggerQueries": [
        "Teams の通知を変更する方法は？"
      ],
      "dialogId": "new_topic_70196f36cb0640f9b8650ed58eef5cb2",
      "isTriggeringEnabled": true,
      "id": "new_topic_70196f36cb0640f9b8650ed58eef5cb2",
      "displayName": "Teams の通知を変更する方法は？",
      "description": "https://adoptionbot-test.azurewebsites.net/adoptbot2021-Japanese.xlsx",
      "createdTime": "2021-03-25T06:43:08.5591285Z",
      "updatedTime": "2021-03-25T06:46:57.8182424Z",
      "createdUserId": "93a3e0a0-a0f7-4803-ab57-3609dfe6e344",
      "updatedUserId": "93a3e0a0-a0f7-4803-ab57-3609dfe6e344"
    }
  ],
  "dialogs": [
    {
      "rootNodeId": "b516ca9f-6847-4784-9452-825ab8d661c0",
      "messageNodes": [
        {
          "botMessageId": "d697940f-9470-4f77-94ac-fd4135ec0033",
          "nodeType": "BotMessageNode",
          "id": "b516ca9f-6847-4784-9452-825ab8d661c0",
          "defaultTargetNodeId": "1f166a46-dbc6-4439-8c5b-b52a31c54717"
        }
      ],
      "dialogChangeNodes": [
        {
          "targetDialogId": "new_topic_9215a13fa73a4559acc63305146a7bd8_aeabea4d071f415c8c107e1cb7af5424_assumedsuccess",
          "nodeType": "DialogChangeNode",
          "id": "1f166a46-dbc6-4439-8c5b-b52a31c54717"
        }
      ],
      "id": "new_topic_70196f36cb0640f9b8650ed58eef5cb2",
      "displayName": "Dialog for Teams の通知を変更する方法は？",
      "createdTime": "2021-03-25T06:43:08.5591285Z",
      "updatedTime": "2021-03-26T07:06:48.0408302Z",
      "createdUserId": "93a3e0a0-a0f7-4803-ab57-3609dfe6e344",
      "updatedUserId": "93a3e0a0-a0f7-4803-ab57-3609dfe6e344"
    }
  ],
  "botMessages": [
    {
      "channelContent": {
        "web": {
          "contentFormat": "Markdown",
          "content": "Microsoft Teams では、通知へのアクセス、受け取り、管理をさまざまな方法で行えます。\n\nこれらの設定には、通知が表示される方法、タイミング、および場所、チャネルとチャットのカスタム設定、デザインとサウンド、特定のメッセージの非通知などが含まれます。\n\n通知を管理するには、Teams の右上にあるプロフィール画像を選択し、\\[設定\\] > \\[通知\\] の順に選択します。\n\n[Microsoft Teams での通知の管理](https://support.microsoft.com/ja-jp/office/teams-%e3%81%ae%e9%80%9a%e7%9f%a5%e3%82%92%e7%ae%a1%e7%90%86%e3%81%99%e3%82%8b-1cc31834-5fe5-412b-8edb-43fecc78413d?ui=ja-JP&rs=ja-JP&ad=JP#:~:text=%20Manage%20notifications%20in%20Teams%20%201%20Stop,receive%20notifications%20as%20both%20a%20desktop...%20More%20)の詳細をご覧ください。"
        }
      },
      "id": "d697940f-9470-4f77-94ac-fd4135ec0033",
      "createdTime": "2021-03-25T06:43:08.5591285Z",
      "updatedTime": "2021-03-25T06:43:08.5591285Z",
      "createdUserId": "93a3e0a0-a0f7-4803-ab57-3609dfe6e344",
      "updatedUserId": "93a3e0a0-a0f7-4803-ab57-3609dfe6e344"
    }
  ],
  "createdUtc": "0001-01-01T00:00:00Z"
}