{
  "intents": [
    {
      "triggerQueries": [
        "会議 ID の探し方と変更方法は？"
      ],
      "dialogId": "new_topic_af3adab51b3b4b4696424123cf8c87b2",
      "isTriggeringEnabled": true,
      "id": "new_topic_af3adab51b3b4b4696424123cf8c87b2",
      "displayName": "会議 ID の探し方と変更方法は？",
      "description": "https://adoptionbot-test.azurewebsites.net/adoptbot2021-Japanese.xlsx",
      "createdTime": "2021-03-25T06:43:08.5581282Z",
      "updatedTime": "2021-03-25T06:56:39.1022697Z",
      "createdUserId": "93a3e0a0-a0f7-4803-ab57-3609dfe6e344",
      "updatedUserId": "93a3e0a0-a0f7-4803-ab57-3609dfe6e344"
    }
  ],
  "dialogs": [
    {
      "rootNodeId": "0d26fa10-7056-4c46-a77c-67b9930c3390",
      "messageNodes": [
        {
          "botMessageId": "530ed208-ef37-4224-8f1b-bb714682ded9",
          "nodeType": "BotMessageNode",
          "id": "0d26fa10-7056-4c46-a77c-67b9930c3390",
          "defaultTargetNodeId": "d3d71bfe-7d56-4157-a248-c5d82eb9af21"
        }
      ],
      "dialogChangeNodes": [
        {
          "targetDialogId": "new_topic_9215a13fa73a4559acc63305146a7bd8_aeabea4d071f415c8c107e1cb7af5424_assumedsuccess",
          "nodeType": "DialogChangeNode",
          "id": "d3d71bfe-7d56-4157-a248-c5d82eb9af21"
        }
      ],
      "id": "new_topic_af3adab51b3b4b4696424123cf8c87b2",
      "displayName": "Dialog for 会議 ID の探し方と変更方法は？",
      "createdTime": "2021-03-25T06:43:08.5581282Z",
      "updatedTime": "2021-03-25T12:34:48.0251418Z",
      "createdUserId": "93a3e0a0-a0f7-4803-ab57-3609dfe6e344",
      "updatedUserId": "93a3e0a0-a0f7-4803-ab57-3609dfe6e344"
    }
  ],
  "botMessages": [
    {
      "channelContent": {
        "web": {
          "contentFormat": "Markdown",
          "content": "Microsoft Teams ユーザーは、Teams、Outlook、および Outlook on the web で会議をスケジュールすることによって、割り当てられた会議 ID を見つけることができます。ユーザーは、会議が予約されたときに送信される電子メールで会議 IDを見つけることもできます。\n\nユーザーは、自分の会議 ID をリストアできません。 会議 ID は、組織の管理者のみリセットできます。"
        }
      },
      "id": "530ed208-ef37-4224-8f1b-bb714682ded9",
      "createdTime": "2021-03-25T06:43:08.5581282Z",
      "updatedTime": "2021-03-25T06:43:08.5581282Z",
      "createdUserId": "93a3e0a0-a0f7-4803-ab57-3609dfe6e344",
      "updatedUserId": "93a3e0a0-a0f7-4803-ab57-3609dfe6e344"
    }
  ],
  "createdUtc": "0001-01-01T00:00:00Z"
}