{
  "intents": [
    {
      "triggerQueries": [
        "会議を記録する方法は？"
      ],
      "dialogId": "new_topic_ce1f2e416d7a418a911f46a218dcf081",
      "isTriggeringEnabled": true,
      "id": "new_topic_ce1f2e416d7a418a911f46a218dcf081",
      "displayName": "会議を記録する方法は？",
      "description": "https://adoptionbot-test.azurewebsites.net/adoptbot2021-Japanese.xlsx",
      "createdTime": "2021-03-25T06:43:08.5591285Z",
      "updatedTime": "2021-03-25T06:49:09.542019Z",
      "createdUserId": "93a3e0a0-a0f7-4803-ab57-3609dfe6e344",
      "updatedUserId": "93a3e0a0-a0f7-4803-ab57-3609dfe6e344"
    }
  ],
  "dialogs": [
    {
      "rootNodeId": "932ef553-d411-4ceb-9d73-74125279186b",
      "messageNodes": [
        {
          "botMessageId": "6d200b90-c0b5-490a-8f47-4c2cd51ff9d1",
          "nodeType": "BotMessageNode",
          "id": "932ef553-d411-4ceb-9d73-74125279186b",
          "defaultTargetNodeId": "d5dd6e9a-9dc9-4962-9de8-01cdf2b055a1"
        }
      ],
      "dialogChangeNodes": [
        {
          "targetDialogId": "new_topic_9215a13fa73a4559acc63305146a7bd8_aeabea4d071f415c8c107e1cb7af5424_assumedsuccess",
          "nodeType": "DialogChangeNode",
          "id": "d5dd6e9a-9dc9-4962-9de8-01cdf2b055a1"
        }
      ],
      "id": "new_topic_ce1f2e416d7a418a911f46a218dcf081",
      "displayName": "Dialog for 会議を記録する方法は？",
      "createdTime": "2021-03-25T06:43:08.5591285Z",
      "updatedTime": "2021-03-26T06:28:19.3818651Z",
      "createdUserId": "93a3e0a0-a0f7-4803-ab57-3609dfe6e344",
      "updatedUserId": "93a3e0a0-a0f7-4803-ab57-3609dfe6e344"
    }
  ],
  "botMessages": [
    {
      "channelContent": {
        "web": {
          "contentFormat": "Markdown",
          "content": "会議を開始または会議に参加します。\n\n記録を開始するには、**\\[その他のオプション\\]** に移動し、**\\[レコーディングを開始\\]** を選択します。 会議の参加者全員に記録が開始されたことが通知され、チャットのメッセージでこれを確認できます。 同じ方法で記録を終了します。\n\n詳細はこちらを参照してください。：[Teams で会議を記録する](https://support.microsoft.com/ja-jp/office/teams-%e3%81%a7%e4%bc%9a%e8%ad%b0%e3%82%92%e8%a8%98%e9%8c%b2%e3%81%99%e3%82%8b-34dfbe7f-b07d-4a27-b4c6-de62f1348c24?ui=ja-JP&rs=ja-JP&ad=JP)"
        }
      },
      "id": "6d200b90-c0b5-490a-8f47-4c2cd51ff9d1",
      "createdTime": "2021-03-25T06:43:08.5591285Z",
      "updatedTime": "2021-03-25T06:43:08.5591285Z",
      "createdUserId": "93a3e0a0-a0f7-4803-ab57-3609dfe6e344",
      "updatedUserId": "93a3e0a0-a0f7-4803-ab57-3609dfe6e344"
    }
  ],
  "createdUtc": "0001-01-01T00:00:00Z"
}