{
  "intents": [
    {
      "triggerQueries": [
        "チームで会話を開始する方法は？"
      ],
      "dialogId": "new_topic_10f845c5b0054492ab028925e45c4c0d",
      "isTriggeringEnabled": true,
      "id": "new_topic_10f845c5b0054492ab028925e45c4c0d",
      "displayName": "チームで会話を開始する方法は？",
      "description": "https://adoptionbot-test.azurewebsites.net/adoptbot2021-Japanese.xlsx",
      "createdTime": "2021-03-25T06:43:08.5581282Z",
      "updatedTime": "2021-03-25T06:58:02.6102952Z",
      "createdUserId": "93a3e0a0-a0f7-4803-ab57-3609dfe6e344",
      "updatedUserId": "93a3e0a0-a0f7-4803-ab57-3609dfe6e344"
    }
  ],
  "dialogs": [
    {
      "rootNodeId": "22948f8b-f556-495a-b4f0-1c967cf6558a",
      "messageNodes": [
        {
          "botMessageId": "1f206ca7-3655-421f-b569-af151eb166ea",
          "nodeType": "BotMessageNode",
          "id": "22948f8b-f556-495a-b4f0-1c967cf6558a",
          "defaultTargetNodeId": "7e03e240-99cf-4658-8b9a-2889296629b7"
        }
      ],
      "dialogChangeNodes": [
        {
          "targetDialogId": "new_topic_9215a13fa73a4559acc63305146a7bd8_aeabea4d071f415c8c107e1cb7af5424_assumedsuccess",
          "nodeType": "DialogChangeNode",
          "id": "7e03e240-99cf-4658-8b9a-2889296629b7"
        }
      ],
      "id": "new_topic_10f845c5b0054492ab028925e45c4c0d",
      "displayName": "Dialog for チームで会話を開始する方法は？",
      "createdTime": "2021-03-25T06:43:08.5581282Z",
      "updatedTime": "2021-03-25T11:45:45.3360517Z",
      "createdUserId": "93a3e0a0-a0f7-4803-ab57-3609dfe6e344",
      "updatedUserId": "93a3e0a0-a0f7-4803-ab57-3609dfe6e344"
    }
  ],
  "botMessages": [
    {
      "channelContent": {
        "web": {
          "contentFormat": "Markdown",
          "content": "Teams のすべてのチャネルで、最初のタブは \\[投稿\\] です。 これは 1 つの大きなグループチャットのようなものです。 チームにアクセスできるすべてのユーザーは、**\\[投稿\\]** タブでメッセージを確認できます。\n\n[以下の手順に従って、チャネル内のすべてのユーザーにメッセージを送信します](https://support.microsoft.com/ja-jp/office/teams-%e3%81%a7%e3%83%81%e3%83%a3%e3%83%8d%e3%83%ab%e3%81%ab%e3%83%a1%e3%83%83%e3%82%bb%e3%83%bc%e3%82%b8%e3%82%92%e9%80%81%e4%bf%a1%e3%81%99%e3%82%8b-5c8131ce-eaad-4798-bc73-e33f4652a9c4?ui=ja-JP&rs=ja-JP&ad=JP)：\n\n*   まず、入力するチャネルを選択します。\n*   次に \\[返信\\] をクリックして既存のスレッドに返信するか、\\[新しい投稿\\] ボタンを押して新しいスレッドを開始します。\n*   ボックスにメッセージを入力し、\\[送信\\] を選択します。\n\nこれで、メッセージがチャネルに表示されます。\n\n**ヒント:** 1 人または小さなグループと話したい場合は、 [チャットを開始](https://support.microsoft.com/ja-jp/office/teams-%e3%81%a7%e3%83%81%e3%83%a3%e3%83%83%e3%83%88%e3%82%92%e9%96%8b%e5%a7%8b%e3%81%99%e3%82%8b-0c71b32b-c050-4930-a887-5afbe742b3d8?ui=ja-JP&rs=ja-JP&ad=JP)します。"
        }
      },
      "id": "1f206ca7-3655-421f-b569-af151eb166ea",
      "createdTime": "2021-03-25T06:43:08.5581282Z",
      "updatedTime": "2021-03-25T06:43:08.5581282Z",
      "createdUserId": "93a3e0a0-a0f7-4803-ab57-3609dfe6e344",
      "updatedUserId": "93a3e0a0-a0f7-4803-ab57-3609dfe6e344"
    }
  ],
  "createdUtc": "0001-01-01T00:00:00Z"
}