{
  "intents": [
    {
      "triggerQueries": [
        "ライブ イベントのシステム要件は？"
      ],
      "dialogId": "new_topic_b262edf8a1fc44abb2f41a50327b2a4f",
      "isTriggeringEnabled": true,
      "id": "new_topic_b262edf8a1fc44abb2f41a50327b2a4f",
      "displayName": "ライブ イベントのシステム要件は？",
      "description": "https://adoptionbot-test.azurewebsites.net/adoptbot2021-Japanese.xlsx",
      "createdTime": "2021-03-25T06:43:08.5591285Z",
      "updatedTime": "2021-03-25T06:50:41.9684211Z",
      "createdUserId": "93a3e0a0-a0f7-4803-ab57-3609dfe6e344",
      "updatedUserId": "93a3e0a0-a0f7-4803-ab57-3609dfe6e344"
    }
  ],
  "dialogs": [
    {
      "rootNodeId": "e7540fb7-42a3-49ec-8c0d-6e8151fee9fc",
      "messageNodes": [
        {
          "botMessageId": "a9eaaada-a7bd-4701-932c-359935527426",
          "nodeType": "BotMessageNode",
          "id": "e7540fb7-42a3-49ec-8c0d-6e8151fee9fc",
          "defaultTargetNodeId": "3ad07abc-61c1-433c-9127-d97986fd4bbd"
        }
      ],
      "dialogChangeNodes": [
        {
          "targetDialogId": "new_topic_9215a13fa73a4559acc63305146a7bd8_aeabea4d071f415c8c107e1cb7af5424_assumedsuccess",
          "nodeType": "DialogChangeNode",
          "id": "3ad07abc-61c1-433c-9127-d97986fd4bbd"
        }
      ],
      "id": "new_topic_b262edf8a1fc44abb2f41a50327b2a4f",
      "displayName": "Dialog for ライブ イベントのシステム要件は？",
      "createdTime": "2021-03-25T06:43:08.5591285Z",
      "updatedTime": "2021-03-26T05:22:35.0765124Z",
      "createdUserId": "93a3e0a0-a0f7-4803-ab57-3609dfe6e344",
      "updatedUserId": "93a3e0a0-a0f7-4803-ab57-3609dfe6e344"
    }
  ],
  "botMessages": [
    {
      "channelContent": {
        "web": {
          "contentFormat": "Markdown",
          "content": "**サポートされているオペレーティング システム**：Windows 7 以降 (32 ビットおよび 64 ビット)、macOS 10.10 以降\n\n**サポートされているモバイル オペレーティング システム**：Android 4.4 以降、iOS 10 以降\n\n**サポートされているブラウザ**：Microsoft Edge RS2 以降、Chrome (最新の 3 バージョン) 、Firefox (最新の 3 バージョン)、Internet Explorer 11、Safari"
        }
      },
      "id": "a9eaaada-a7bd-4701-932c-359935527426",
      "createdTime": "2021-03-25T06:43:08.5591285Z",
      "updatedTime": "2021-03-25T06:43:08.5591285Z",
      "createdUserId": "93a3e0a0-a0f7-4803-ab57-3609dfe6e344",
      "updatedUserId": "93a3e0a0-a0f7-4803-ab57-3609dfe6e344"
    }
  ],
  "createdUtc": "0001-01-01T00:00:00Z"
}