{
  "intents": [
    {
      "triggerQueries": [
        "チーム名を変更する方法は？"
      ],
      "dialogId": "new_topic_a306036e64944c1cb2df9b799f7db77f",
      "isTriggeringEnabled": true,
      "id": "new_topic_a306036e64944c1cb2df9b799f7db77f",
      "displayName": "チーム名を変更する方法は？",
      "description": "https://adoptionbot-test.azurewebsites.net/adoptbot2021-Japanese.xlsx",
      "createdTime": "2021-03-25T06:43:08.5581282Z",
      "updatedTime": "2021-03-25T06:53:56.5881366Z",
      "createdUserId": "93a3e0a0-a0f7-4803-ab57-3609dfe6e344",
      "updatedUserId": "93a3e0a0-a0f7-4803-ab57-3609dfe6e344"
    }
  ],
  "dialogs": [
    {
      "rootNodeId": "c1aac4a0-4ccf-4d95-b732-2d679889901a",
      "messageNodes": [
        {
          "botMessageId": "16038dce-40d0-4565-8225-a6e18bd2873c",
          "nodeType": "BotMessageNode",
          "id": "c1aac4a0-4ccf-4d95-b732-2d679889901a",
          "defaultTargetNodeId": "f59036cd-ac31-46a6-9d5f-d591bfa026bf"
        }
      ],
      "dialogChangeNodes": [
        {
          "targetDialogId": "new_topic_9215a13fa73a4559acc63305146a7bd8_aeabea4d071f415c8c107e1cb7af5424_assumedsuccess",
          "nodeType": "DialogChangeNode",
          "id": "f59036cd-ac31-46a6-9d5f-d591bfa026bf"
        }
      ],
      "id": "new_topic_a306036e64944c1cb2df9b799f7db77f",
      "displayName": "Dialog for チーム名を変更する方法は？",
      "createdTime": "2021-03-25T06:43:08.5581282Z",
      "updatedTime": "2021-03-26T02:14:47.2760068Z",
      "createdUserId": "93a3e0a0-a0f7-4803-ab57-3609dfe6e344",
      "updatedUserId": "93a3e0a0-a0f7-4803-ab57-3609dfe6e344"
    }
  ],
  "botMessages": [
    {
      "channelContent": {
        "web": {
          "contentFormat": "Markdown",
          "content": "チーム名に移動し、**\\[その他のオプション\\]** > **\\[チームを編集\\]**をクリックします。必要に応じて、チーム名、説明、およびプライバシー設定を設定できます。"
        }
      },
      "id": "16038dce-40d0-4565-8225-a6e18bd2873c",
      "createdTime": "2021-03-25T06:43:08.5581282Z",
      "updatedTime": "2021-03-25T06:43:08.5581282Z",
      "createdUserId": "93a3e0a0-a0f7-4803-ab57-3609dfe6e344",
      "updatedUserId": "93a3e0a0-a0f7-4803-ab57-3609dfe6e344"
    }
  ],
  "createdUtc": "0001-01-01T00:00:00Z"
}