{
  "intents": [
    {
      "triggerQueries": [
        "Teams のアプリとは何ですか？Teams のアプリで何ができますか？"
      ],
      "dialogId": "new_topic_aeb45308bd544157958c80e18ddae233",
      "isTriggeringEnabled": true,
      "id": "new_topic_aeb45308bd544157958c80e18ddae233",
      "displayName": "Teams のアプリとは何ですか？Teams のアプリで何ができますか？",
      "description": "https://adoptionbot-test.azurewebsites.net/adoptbot2021-Japanese.xlsx",
      "createdTime": "2021-03-25T06:43:08.5581282Z",
      "updatedTime": "2021-03-25T06:52:29.8097631Z",
      "createdUserId": "93a3e0a0-a0f7-4803-ab57-3609dfe6e344",
      "updatedUserId": "93a3e0a0-a0f7-4803-ab57-3609dfe6e344"
    }
  ],
  "dialogs": [
    {
      "rootNodeId": "f595b3eb-b0ea-4ec0-9ceb-86470ca16e7a",
      "messageNodes": [
        {
          "botMessageId": "79fe9418-052e-449c-8ab7-150cb5c8bedf",
          "nodeType": "BotMessageNode",
          "id": "f595b3eb-b0ea-4ec0-9ceb-86470ca16e7a",
          "defaultTargetNodeId": "15a9ae76-237d-4676-bf5f-ae810b6e728a"
        }
      ],
      "dialogChangeNodes": [
        {
          "targetDialogId": "new_topic_9215a13fa73a4559acc63305146a7bd8_aeabea4d071f415c8c107e1cb7af5424_assumedsuccess",
          "nodeType": "DialogChangeNode",
          "id": "15a9ae76-237d-4676-bf5f-ae810b6e728a"
        }
      ],
      "id": "new_topic_aeb45308bd544157958c80e18ddae233",
      "displayName": "Dialog for Teams のアプリとは何ですか？Teams のアプリで何ができますか？",
      "createdTime": "2021-03-25T06:43:08.5581282Z",
      "updatedTime": "2021-03-26T02:57:45.3151938Z",
      "createdUserId": "93a3e0a0-a0f7-4803-ab57-3609dfe6e344",
      "updatedUserId": "93a3e0a0-a0f7-4803-ab57-3609dfe6e344"
    }
  ],
  "botMessages": [
    {
      "channelContent": {
        "web": {
          "contentFormat": "Markdown",
          "content": "アプリを、お気に入りのサービスからコンテンツを見つけて、Teams で共有することができます。 その方法は次のとおりです。\n\n**ボットでチャットします。**\n\nボットは、チャネルで回答、更新、および支援を提供します。 チャットを行うと、タスク管理やスケジュール設定などのサポートを受けることができます。\n\n**タブでコンテンツを共有します。**\n\nタブを使用すると、チャネル内のサービスのコンテンツと機能を共有できます。 Excel、SharePoint、Zendesk、または任意の Web サイトなどのサービスに接続します。\n\n**コネクタから更新を取得します。**\n\nコネクタは、更新と情報をチャネルに直接送信します。Twitter、RSS フィード、GitHub などのサービスからの更新を自動的に取得します。\n\n**メッセージにリッチ コンテンツを追加します。**\n\nアプリは、さまざまなサービスからコンテンツを検索し、メッセージに直接送信します。天気予報、毎日のニュース、画像、ビデオなどを、ユーザーと共有することができます。\n\n**アプリを取得または作成します。**\n\n\\[ストア\\] に移動して、[ボット、タブ、コネクタ、またはメッセージング アプリを Teams に追加](https://support.microsoft.com/ja-jp/office/microsoft-teams-%e3%81%ab%e3%82%a2%e3%83%97%e3%83%aa%e3%82%92%e8%bf%bd%e5%8a%a0%e3%81%99%e3%82%8b-b2217706-f7ed-4e64-8e96-c413afd02f77?ui=ja-JP&rs=ja-JP&ad=JP)します。 更に、[独自のカスタム アプリを構築](https://docs.microsoft.com/ja-jp/microsoftteams/platform/)することもできます。"
        }
      },
      "id": "79fe9418-052e-449c-8ab7-150cb5c8bedf",
      "createdTime": "2021-03-25T06:43:08.5581282Z",
      "updatedTime": "2021-03-25T06:43:08.5581282Z",
      "createdUserId": "93a3e0a0-a0f7-4803-ab57-3609dfe6e344",
      "updatedUserId": "93a3e0a0-a0f7-4803-ab57-3609dfe6e344"
    }
  ],
  "createdUtc": "0001-01-01T00:00:00Z"
}