{
  "intents": [
    {
      "triggerQueries": [
        "イマーシブ リーダーとは何ですか？"
      ],
      "dialogId": "new_topic_6287c660a33c40468b98f0bdddf75314",
      "isTriggeringEnabled": true,
      "id": "new_topic_6287c660a33c40468b98f0bdddf75314",
      "displayName": "イマーシブ リーダーとは何ですか？",
      "description": "https://adoptionbot-test.azurewebsites.net/adoptbot2021-Japanese.xlsx",
      "createdTime": "2021-03-25T06:43:08.5591285Z",
      "updatedTime": "2021-03-25T06:51:02.2496772Z",
      "createdUserId": "93a3e0a0-a0f7-4803-ab57-3609dfe6e344",
      "updatedUserId": "93a3e0a0-a0f7-4803-ab57-3609dfe6e344"
    }
  ],
  "dialogs": [
    {
      "rootNodeId": "78175c74-1ed8-4ff7-81d7-6aa31f56a5bc",
      "messageNodes": [
        {
          "botMessageId": "f72a2d99-b683-4fd9-aff4-a3e84f5c5e7d",
          "nodeType": "BotMessageNode",
          "id": "78175c74-1ed8-4ff7-81d7-6aa31f56a5bc",
          "defaultTargetNodeId": "f8f94992-0f6d-48f6-8cd1-264013d58969"
        }
      ],
      "dialogChangeNodes": [
        {
          "targetDialogId": "new_topic_9215a13fa73a4559acc63305146a7bd8_aeabea4d071f415c8c107e1cb7af5424_assumedsuccess",
          "nodeType": "DialogChangeNode",
          "id": "f8f94992-0f6d-48f6-8cd1-264013d58969"
        }
      ],
      "id": "new_topic_6287c660a33c40468b98f0bdddf75314",
      "displayName": "Dialog for イマーシブ リーダーとは何ですか？",
      "createdTime": "2021-03-25T06:43:08.5591285Z",
      "updatedTime": "2021-03-26T05:02:20.1598745Z",
      "createdUserId": "93a3e0a0-a0f7-4803-ab57-3609dfe6e344",
      "updatedUserId": "93a3e0a0-a0f7-4803-ab57-3609dfe6e344"
    }
  ],
  "botMessages": [
    {
      "channelContent": {
        "web": {
          "contentFormat": "Markdown",
          "content": "[Teams でのイマーシブ リーダーの使い方 (写真付き) については、ここをクリックしてください。](https://support.microsoft.com/ja-jp/topic/microsoft-teams-%E3%81%A7%E3%82%A4%E3%83%9E%E3%83%BC%E3%82%B7%E3%83%96%E3%83%AA%E3%83%BC%E3%83%80%E3%83%BC%E3%82%92%E4%BD%BF%E7%94%A8%E3%81%99%E3%82%8B-a700c0d0-bc53-4696-a94d-4fbc86ac7a9a?ui=en-us&rs=en-us&ad=us)\n\nテキストを読み上げたり別の言語を話したい場合は、必要に応じて Teams のテキストを作成できます。 色、フォント、サイズを自由に設定でき、例えば失読症や学習障害を持つユーザーの支援もできます。\n\n絵辞書、行のフォーカス、品詞も視覚的な支援に利用できます。  \nTeams のメッセージで、\\[その他のオプション\\] \"...\" をクリックし、\\[イマーシブ リーダー\\] を選択します。\n\n設定はユーザー固有のものです。"
        }
      },
      "id": "f72a2d99-b683-4fd9-aff4-a3e84f5c5e7d",
      "createdTime": "2021-03-25T06:43:08.5591285Z",
      "updatedTime": "2021-03-25T06:43:08.5591285Z",
      "createdUserId": "93a3e0a0-a0f7-4803-ab57-3609dfe6e344",
      "updatedUserId": "93a3e0a0-a0f7-4803-ab57-3609dfe6e344"
    }
  ],
  "createdUtc": "0001-01-01T00:00:00Z"
}