{
  "intents": [
    {
      "triggerQueries": [
        "Teams でホワイト ボードを使用する方法は？"
      ],
      "dialogId": "new_topic_797774d186ce4b20928951d2a072f08c",
      "isTriggeringEnabled": true,
      "id": "new_topic_797774d186ce4b20928951d2a072f08c",
      "displayName": "Teams でホワイト ボードを使用する方法は？",
      "description": "https://adoptionbot-test.azurewebsites.net/adoptbot2021-Japanese.xlsx",
      "createdTime": "2021-03-25T06:43:08.565101Z",
      "updatedTime": "2021-03-25T06:45:29.1266824Z",
      "createdUserId": "93a3e0a0-a0f7-4803-ab57-3609dfe6e344",
      "updatedUserId": "93a3e0a0-a0f7-4803-ab57-3609dfe6e344"
    }
  ],
  "dialogs": [
    {
      "rootNodeId": "f31d3c32-c1d3-4142-b150-0d88040a23cd",
      "messageNodes": [
        {
          "botMessageId": "35d52360-64f7-4ecc-bea5-9b471d4b2b63",
          "nodeType": "BotMessageNode",
          "id": "f31d3c32-c1d3-4142-b150-0d88040a23cd",
          "defaultTargetNodeId": "fd7866ca-b96f-41ab-aa3a-d11a90ab9f2a"
        }
      ],
      "dialogChangeNodes": [
        {
          "targetDialogId": "new_topic_9215a13fa73a4559acc63305146a7bd8_aeabea4d071f415c8c107e1cb7af5424_assumedsuccess",
          "nodeType": "DialogChangeNode",
          "id": "fd7866ca-b96f-41ab-aa3a-d11a90ab9f2a"
        }
      ],
      "id": "new_topic_797774d186ce4b20928951d2a072f08c",
      "displayName": "Dialog for Teams でホワイト ボードを使用する方法は？",
      "createdTime": "2021-03-25T06:43:08.565101Z",
      "updatedTime": "2021-03-26T07:33:51.6511511Z",
      "createdUserId": "93a3e0a0-a0f7-4803-ab57-3609dfe6e344",
      "updatedUserId": "93a3e0a0-a0f7-4803-ab57-3609dfe6e344"
    }
  ],
  "botMessages": [
    {
      "channelContent": {
        "web": {
          "contentFormat": "Markdown",
          "content": "Teamsでホワイト ボードを作成する方法は2つあります。 Microsoft Whiteboard または Freehand by Invision を使用する方法です。\n\n**Microsoft Whiteboard を使用します**\n\n各 Teams 会議には、参加者が一緒にスケッチできる場所がある専用のホワイト ボードがあります。\n\nTeams でホワイト ボードを使用する方法の詳細については、[「Microsoft Teams でホワイト ボードを使用する」](https://support.microsoft.com/ja-jp/office/use-whiteboard-in-microsoft-teams-7a6e7218-e9dc-4ccc-89aa-b1a0bb9c31ee?ui=ja-JP&rs=ja-JP&ad=JP) を参照してください。\n\n**Freehand by InVision を使用します。**\n\nFreehand は、会議で他の参加者と一緒にスケッチするために使用できる InVision のホワイト ボード ツールです。\n\n会議で Freehand を使用するには、会議のコントロールで **\\[共有\\]** をクリックしてから、**\\[ホワイトボード\\]** セクションで **\\[Freehand by InVision\\]** をクリックします。 共有者は、InVision アカウントでサインインする必要があります。\n\nその後、参加者とスケッチの共有が開始できます。\n\nホワイト ボードを共有すると、会議に \\[ホワイトボード\\] タブが表示されるため、参加者は後からでも簡単に参照できます。\n\n**注**：この機能は、管理者が有効にしている場合にのみ使用できます。"
        }
      },
      "id": "35d52360-64f7-4ecc-bea5-9b471d4b2b63",
      "createdTime": "2021-03-25T06:43:08.565101Z",
      "updatedTime": "2021-03-25T06:43:08.565101Z",
      "createdUserId": "93a3e0a0-a0f7-4803-ab57-3609dfe6e344",
      "updatedUserId": "93a3e0a0-a0f7-4803-ab57-3609dfe6e344"
    }
  ],
  "createdUtc": "0001-01-01T00:00:00Z"
}