{
  "intents": [
    {
      "triggerQueries": [
        "チームにゲストを追加する方法は？"
      ],
      "dialogId": "new_topic_3aefacccd61141f2a78052d9e26d133b",
      "isTriggeringEnabled": true,
      "id": "new_topic_3aefacccd61141f2a78052d9e26d133b",
      "displayName": "チームにゲストを追加する方法は？",
      "description": "https://adoptionbot-test.azurewebsites.net/adoptbot2021-Japanese.xlsx",
      "createdTime": "2021-03-25T06:43:08.5581282Z",
      "updatedTime": "2021-03-25T06:52:13.0765228Z",
      "createdUserId": "93a3e0a0-a0f7-4803-ab57-3609dfe6e344",
      "updatedUserId": "93a3e0a0-a0f7-4803-ab57-3609dfe6e344"
    }
  ],
  "dialogs": [
    {
      "rootNodeId": "43f84917-fa67-4977-b250-3d132c6d699f",
      "messageNodes": [
        {
          "botMessageId": "f4cc37fc-ede8-4df3-9d84-70dcd383eb47",
          "nodeType": "BotMessageNode",
          "id": "43f84917-fa67-4977-b250-3d132c6d699f",
          "defaultTargetNodeId": "b16ef760-a967-48f3-8db9-d77d75d3ec39"
        }
      ],
      "dialogChangeNodes": [
        {
          "targetDialogId": "new_topic_9215a13fa73a4559acc63305146a7bd8_aeabea4d071f415c8c107e1cb7af5424_assumedsuccess",
          "nodeType": "DialogChangeNode",
          "id": "b16ef760-a967-48f3-8db9-d77d75d3ec39"
        }
      ],
      "id": "new_topic_3aefacccd61141f2a78052d9e26d133b",
      "displayName": "Dialog for チームにゲストを追加する方法は？",
      "createdTime": "2021-03-25T06:43:08.5581282Z",
      "updatedTime": "2021-03-26T04:09:41.5713325Z",
      "createdUserId": "93a3e0a0-a0f7-4803-ab57-3609dfe6e344",
      "updatedUserId": "93a3e0a0-a0f7-4803-ab57-3609dfe6e344"
    }
  ],
  "botMessages": [
    {
      "channelContent": {
        "web": {
          "contentFormat": "Markdown",
          "content": "チームの所有者は、組織外のゲストをチームに招待できます。\n\nチーム名に移動し、**\\[その他のオプション\\]** をクリックして、\\[メンバーの追加\\] をクリックします。\n\nゲストのメールアドレスを入力します。\n\n注意：\n\n*   ゲストの追加に必要なのは、有効なメールアドレスのみです。\n*   アクセス許可エラーが発生した場合、_組織はゲストのアクセスを許可していません。 詳細については、IT 管理者に問い合わせてください。_\n\nチームにゲストを追加したら、[ゲストの機能](https://support.microsoft.com/ja-jp/office/teams-%e3%81%ae%e3%83%81%e3%83%bc%e3%83%a0%e6%89%80%e6%9c%89%e8%80%85%e3%80%81%e3%83%a1%e3%83%b3%e3%83%90%e3%83%bc%e3%80%81%e3%81%8a%e3%82%88%e3%81%b3%e3%82%b2%e3%82%b9%e3%83%88%e6%a9%9f%e8%83%bd-d03fdf5b-1a6e-48e4-8e07-b13e1350ec7b?ui=ja-JP&rs=ja-JP&ad=JP)、[ゲストの権限設定](https://support.microsoft.com/ja-jp/office/teams-%e3%81%a7%e3%83%81%e3%83%a3%e3%83%8d%e3%83%ab%e3%81%ae%e3%82%b2%e3%82%b9%e3%83%88%e6%a8%a9%e9%99%90%e3%82%92%e8%a8%ad%e5%ae%9a%e3%81%99%e3%82%8b-4756c468-2746-4bfd-a582-736d55fcc169?ui=ja-JP&rs=ja-JP&ad=JP)を確認してください。"
        }
      },
      "id": "f4cc37fc-ede8-4df3-9d84-70dcd383eb47",
      "createdTime": "2021-03-25T06:43:08.5581282Z",
      "updatedTime": "2021-03-25T06:43:08.5581282Z",
      "createdUserId": "93a3e0a0-a0f7-4803-ab57-3609dfe6e344",
      "updatedUserId": "93a3e0a0-a0f7-4803-ab57-3609dfe6e344"
    }
  ],
  "createdUtc": "0001-01-01T00:00:00Z"
}