{
  "intents": [
    {
      "triggerQueries": [
        "送信したメッセージを削除する方法は？"
      ],
      "dialogId": "new_topic_19e2afb0255049adb2b803999fbe79d0",
      "isTriggeringEnabled": true,
      "id": "new_topic_19e2afb0255049adb2b803999fbe79d0",
      "displayName": "送信したメッセージを削除する方法は？",
      "description": "https://adoptionbot-test.azurewebsites.net/adoptbot2021-Japanese.xlsx",
      "createdTime": "2021-03-25T06:43:08.5581282Z",
      "updatedTime": "2021-03-25T06:53:26.3399521Z",
      "createdUserId": "93a3e0a0-a0f7-4803-ab57-3609dfe6e344",
      "updatedUserId": "93a3e0a0-a0f7-4803-ab57-3609dfe6e344"
    }
  ],
  "dialogs": [
    {
      "rootNodeId": "238d257b-8fea-4b3a-85bb-3102194cd751",
      "messageNodes": [
        {
          "botMessageId": "a9ce18f6-a58a-4fdd-aad5-5d12989077de",
          "nodeType": "BotMessageNode",
          "id": "238d257b-8fea-4b3a-85bb-3102194cd751",
          "defaultTargetNodeId": "672e230c-f2a6-4c4a-b5f5-d7cf6bb56e16"
        }
      ],
      "dialogChangeNodes": [
        {
          "targetDialogId": "new_topic_9215a13fa73a4559acc63305146a7bd8_aeabea4d071f415c8c107e1cb7af5424_assumedsuccess",
          "nodeType": "DialogChangeNode",
          "id": "672e230c-f2a6-4c4a-b5f5-d7cf6bb56e16"
        }
      ],
      "id": "new_topic_19e2afb0255049adb2b803999fbe79d0",
      "displayName": "Dialog for 送信したメッセージを削除する方法は？",
      "createdTime": "2021-03-25T06:43:08.5581282Z",
      "updatedTime": "2021-03-26T02:20:06.0317576Z",
      "createdUserId": "93a3e0a0-a0f7-4803-ab57-3609dfe6e344",
      "updatedUserId": "93a3e0a0-a0f7-4803-ab57-3609dfe6e344"
    }
  ],
  "botMessages": [
    {
      "channelContent": {
        "web": {
          "contentFormat": "Markdown",
          "content": "[送信した内容を削除する](https://support.microsoft.com/ja-jp/office/teams-%e4%b8%8a%e3%81%a7%e9%80%81%e4%bf%a1%e3%81%97%e3%81%9f%e3%83%a1%e3%83%83%e3%82%bb%e3%83%bc%e3%82%b8%e3%82%92%e7%b7%a8%e9%9b%86%e3%81%be%e3%81%9f%e3%81%af%e5%89%8a%e9%99%a4%e3%81%99%e3%82%8b-5f1fe604-a900-4a07-b8b7-8cf70ed6b263?ui=ja-JP&rs=ja-JP&ad=JP)場合は、メッセージに移動し、3つのドット \"...\" の **\\[その他のオプション\\]** を選択し、\\[削除\\] をクリックします。\n\nまだメッセージを送信していない場合は、書式 を選択してボックスを展開します。次に、\\[削除\\] (ゴミ箱) を選択します。"
        }
      },
      "id": "a9ce18f6-a58a-4fdd-aad5-5d12989077de",
      "createdTime": "2021-03-25T06:43:08.5581282Z",
      "updatedTime": "2021-03-25T06:43:08.5581282Z",
      "createdUserId": "93a3e0a0-a0f7-4803-ab57-3609dfe6e344",
      "updatedUserId": "93a3e0a0-a0f7-4803-ab57-3609dfe6e344"
    }
  ],
  "createdUtc": "0001-01-01T00:00:00Z"
}