{
  "intents": [
    {
      "triggerQueries": [
        "投稿のコツはありますか？"
      ],
      "dialogId": "new_topic_1b445e5d4ebb4bceb802bad633b8fc7b",
      "isTriggeringEnabled": true,
      "id": "new_topic_1b445e5d4ebb4bceb802bad633b8fc7b",
      "displayName": "投稿のコツはありますか？",
      "description": "https://adoptionbot-test.azurewebsites.net/adoptbot2021-Japanese.xlsx",
      "createdTime": "2021-03-25T06:43:08.5591285Z",
      "updatedTime": "2021-03-25T06:47:50.2357014Z",
      "createdUserId": "93a3e0a0-a0f7-4803-ab57-3609dfe6e344",
      "updatedUserId": "93a3e0a0-a0f7-4803-ab57-3609dfe6e344"
    }
  ],
  "dialogs": [
    {
      "rootNodeId": "8e702628-01b0-4fcf-98f0-2d4130e1727b",
      "messageNodes": [
        {
          "botMessageId": "b679ac36-6579-44c2-b7d2-c8e060453dfd",
          "nodeType": "BotMessageNode",
          "id": "8e702628-01b0-4fcf-98f0-2d4130e1727b",
          "defaultTargetNodeId": "051fd71e-6543-4bf5-9227-6aa9851d9cfb"
        }
      ],
      "dialogChangeNodes": [
        {
          "targetDialogId": "new_topic_9215a13fa73a4559acc63305146a7bd8_aeabea4d071f415c8c107e1cb7af5424_assumedsuccess",
          "nodeType": "DialogChangeNode",
          "id": "051fd71e-6543-4bf5-9227-6aa9851d9cfb"
        }
      ],
      "id": "new_topic_1b445e5d4ebb4bceb802bad633b8fc7b",
      "displayName": "Dialog for 投稿のコツはありますか？",
      "createdTime": "2021-03-25T06:43:08.5591285Z",
      "updatedTime": "2021-03-26T06:57:10.8691227Z",
      "createdUserId": "93a3e0a0-a0f7-4803-ab57-3609dfe6e344",
      "updatedUserId": "93a3e0a0-a0f7-4803-ab57-3609dfe6e344"
    }
  ],
  "botMessages": [
    {
      "channelContent": {
        "web": {
          "contentFormat": "Markdown",
          "content": "画像、絵文字、アニメーション GIF、ステッカーなどを追加できます。\n\nタイトルを使用して、投稿を目に付くようにできます。 後で探すのに便利です。"
        }
      },
      "id": "b679ac36-6579-44c2-b7d2-c8e060453dfd",
      "createdTime": "2021-03-25T06:43:08.5591285Z",
      "updatedTime": "2021-03-25T06:43:08.5591285Z",
      "createdUserId": "93a3e0a0-a0f7-4803-ab57-3609dfe6e344",
      "updatedUserId": "93a3e0a0-a0f7-4803-ab57-3609dfe6e344"
    }
  ],
  "createdUtc": "0001-01-01T00:00:00Z"
}