{
  "intents": [
    {
      "triggerQueries": [
        "グループチャットを開始する方法は？"
      ],
      "dialogId": "new_topic_07c6094ee8df4bc48f00a63cdfda165f",
      "isTriggeringEnabled": true,
      "id": "new_topic_07c6094ee8df4bc48f00a63cdfda165f",
      "displayName": "グループチャットを開始する方法は？",
      "description": "https://adoptionbot-test.azurewebsites.net/adoptbot2021-Japanese.xlsx",
      "createdTime": "2021-03-25T06:43:08.5581282Z",
      "updatedTime": "2021-03-25T06:51:39.2230166Z",
      "createdUserId": "93a3e0a0-a0f7-4803-ab57-3609dfe6e344",
      "updatedUserId": "93a3e0a0-a0f7-4803-ab57-3609dfe6e344"
    }
  ],
  "dialogs": [
    {
      "rootNodeId": "cf0d089e-c66c-4054-b1ee-b6ff43bcc8dc",
      "messageNodes": [
        {
          "botMessageId": "6a683a70-8755-4908-b1ca-3f938b2b779e",
          "nodeType": "BotMessageNode",
          "id": "cf0d089e-c66c-4054-b1ee-b6ff43bcc8dc",
          "defaultTargetNodeId": "89c1dc38-929d-4642-bdfa-31a8f291d93a"
        }
      ],
      "dialogChangeNodes": [
        {
          "targetDialogId": "new_topic_9215a13fa73a4559acc63305146a7bd8_aeabea4d071f415c8c107e1cb7af5424_assumedsuccess",
          "nodeType": "DialogChangeNode",
          "id": "89c1dc38-929d-4642-bdfa-31a8f291d93a"
        }
      ],
      "id": "new_topic_07c6094ee8df4bc48f00a63cdfda165f",
      "displayName": "Dialog for グループチャットを開始する方法は？",
      "createdTime": "2021-03-25T06:43:08.5581282Z",
      "updatedTime": "2021-03-26T04:18:56.7574741Z",
      "createdUserId": "93a3e0a0-a0f7-4803-ab57-3609dfe6e344",
      "updatedUserId": "93a3e0a0-a0f7-4803-ab57-3609dfe6e344"
    }
  ],
  "botMessages": [
    {
      "channelContent": {
        "web": {
          "contentFormat": "Markdown",
          "content": "プライベート メッセージを送信するには、まずアプリの上部にある **\\[新しいチャット\\]** をクリックして、新しい会話を開始します。 **\\[メンバー\\]** フィールドに、チャットするユーザーの名前を入力します。 メッセージを作成し、**\\[送信\\]** をクリックします。\n\n既存のチャットに他のユーザーを追加する方法：\n\n**\\[追加\\]** をクリックしユーザーを名を入力するだけです。\n\nグループ チャットが自動的に 作成されます。\n\n追加するユーザーがチャット履歴のすべてを表示できるか、一部を表示できるか、何も表示できないかを選択します。\n\nグループチャットには名前を付けることをお奨めします。 見つけやすくなり、全てのユーザーがあなたがチャットしていることを把握できます。"
        }
      },
      "id": "6a683a70-8755-4908-b1ca-3f938b2b779e",
      "createdTime": "2021-03-25T06:43:08.5581282Z",
      "updatedTime": "2021-03-25T06:43:08.5581282Z",
      "createdUserId": "93a3e0a0-a0f7-4803-ab57-3609dfe6e344",
      "updatedUserId": "93a3e0a0-a0f7-4803-ab57-3609dfe6e344"
    }
  ],
  "createdUtc": "0001-01-01T00:00:00Z"
}