{
  "intents": [
    {
      "triggerQueries": [
        "Microsoft Teamsを使用できるのは誰ですか？"
      ],
      "dialogId": "new_topic_cb35001706314113a99e3cb347ea9a0b",
      "isTriggeringEnabled": true,
      "id": "new_topic_cb35001706314113a99e3cb347ea9a0b",
      "displayName": "Microsoft Teamsを使用できるのは誰ですか？",
      "description": "https://adoptionbot-test.azurewebsites.net/adoptbot2021-Japanese.xlsx",
      "createdTime": "2021-03-25T06:43:08.5581282Z",
      "updatedTime": "2021-03-25T06:51:11.6599029Z",
      "createdUserId": "93a3e0a0-a0f7-4803-ab57-3609dfe6e344",
      "updatedUserId": "93a3e0a0-a0f7-4803-ab57-3609dfe6e344"
    }
  ],
  "dialogs": [
    {
      "rootNodeId": "6b2f7a6d-d8ea-46a9-be5f-4eff5db8abfb",
      "messageNodes": [
        {
          "botMessageId": "727ac697-5edf-4fc1-b468-a2a79490717a",
          "nodeType": "BotMessageNode",
          "id": "6b2f7a6d-d8ea-46a9-be5f-4eff5db8abfb",
          "defaultTargetNodeId": "6e507815-5099-4def-8244-6b4823cbd430"
        }
      ],
      "dialogChangeNodes": [
        {
          "targetDialogId": "new_topic_9215a13fa73a4559acc63305146a7bd8_aeabea4d071f415c8c107e1cb7af5424_assumedsuccess",
          "nodeType": "DialogChangeNode",
          "id": "6e507815-5099-4def-8244-6b4823cbd430"
        }
      ],
      "id": "new_topic_cb35001706314113a99e3cb347ea9a0b",
      "displayName": "Dialog for Microsoft Teamsを使用できるのは誰ですか？",
      "createdTime": "2021-03-25T06:43:08.5581282Z",
      "updatedTime": "2021-03-26T04:51:46.0995465Z",
      "createdUserId": "93a3e0a0-a0f7-4803-ab57-3609dfe6e344",
      "updatedUserId": "93a3e0a0-a0f7-4803-ab57-3609dfe6e344"
    }
  ],
  "botMessages": [
    {
      "channelContent": {
        "web": {
          "contentFormat": "Markdown",
          "content": "Teams は Microsoft 365 の一部であるため、使用するには Microsoft 365 ライセンスが必要です。\n\n具体的には、次のいずれかのライセンスが必要です。\n\n*   Business Essentials もしくは Business Premium\n*   Enterprise F1、F3、E1、E3、または E5\n*   教育/学校向けの Microsoft 365 A ライセンスには、Teams も含まれています。\n\n詳細については 、[Microsoft Teamsを入手する方法](https://support.microsoft.com/ja-jp/office/microsoft-teams-%e3%82%92%e5%85%a5%e6%89%8b%e3%81%99%e3%82%8b%e6%96%b9%e6%b3%95-fc7f1634-abd3-4f26-a597-9df16e4ca65b?ui=ja-JP&rs=ja-JP&ad=JP) を参照してください。\n\n組織のユーザーを Teams に追加するには、アプリを開いてチームに追加します。招待状が記載されたメールが自動的に送信されます。\n\n[私的利用の場合、Teams は無料です。](https://www.microsoft.com/ja-jp/microsoft-teams/teams-for-home)"
        }
      },
      "id": "727ac697-5edf-4fc1-b468-a2a79490717a",
      "createdTime": "2021-03-25T06:43:08.5581282Z",
      "updatedTime": "2021-03-25T06:43:08.5581282Z",
      "createdUserId": "93a3e0a0-a0f7-4803-ab57-3609dfe6e344",
      "updatedUserId": "93a3e0a0-a0f7-4803-ab57-3609dfe6e344"
    }
  ],
  "createdUtc": "0001-01-01T00:00:00Z"
}