<botcomponent schemaname="new_topic_9215a13fa73a4559acc63305146a7bd8_21a34f1673a24096a99ba0effb63cc1d">
  <componenttype>0</componenttype>
  <description>レッスン 2 - このレッスンでは、1 つの条件付きブランチと変数を使用して簡単なトピックを作成する方法を説明します。

変数は、トピックフローの後半で使用されるアイテムの名前です。 この例で、"pva_StoreLocation" は、ユーザーに希望する店舗の場所を尋ねるときの変数の名前です。</description>
  <iscustomizable>1</iscustomizable>
  <name>レッスン 2 - 条件と変数のある簡単なトピック</name>
  <statecode>0</statecode>
  <statuscode>1</statuscode>
</botcomponent>