{
  "intents": [
    {
      "triggerQueries": [
        "未使用の非アクティブなチームは、自動的に削除されますか？"
      ],
      "dialogId": "new_topic_a9de11e091434e89aa2586314e84f827",
      "isTriggeringEnabled": true,
      "id": "new_topic_a9de11e091434e89aa2586314e84f827",
      "displayName": "未使用の非アクティブなチームは、自動的に削除されますか？",
      "description": "https://adoptionbot-test.azurewebsites.net/adoptbot2021-Japanese.xlsx",
      "createdTime": "2021-03-25T06:43:08.5591285Z",
      "updatedTime": "2021-03-25T06:50:07.7233975Z",
      "createdUserId": "93a3e0a0-a0f7-4803-ab57-3609dfe6e344",
      "updatedUserId": "93a3e0a0-a0f7-4803-ab57-3609dfe6e344"
    }
  ],
  "dialogs": [
    {
      "rootNodeId": "8e7da0b4-f43c-4d94-8b2b-77077d6076d1",
      "messageNodes": [
        {
          "botMessageId": "1cccdb9c-1564-4ad6-949b-8df377587306",
          "nodeType": "BotMessageNode",
          "id": "8e7da0b4-f43c-4d94-8b2b-77077d6076d1",
          "defaultTargetNodeId": "0fb6a5f9-56fe-4230-be07-86458b05068f"
        }
      ],
      "dialogChangeNodes": [
        {
          "targetDialogId": "new_topic_9215a13fa73a4559acc63305146a7bd8_aeabea4d071f415c8c107e1cb7af5424_assumedsuccess",
          "nodeType": "DialogChangeNode",
          "id": "0fb6a5f9-56fe-4230-be07-86458b05068f"
        }
      ],
      "id": "new_topic_a9de11e091434e89aa2586314e84f827",
      "displayName": "Dialog for 未使用の非アクティブなチームは、自動的に削除されますか？",
      "createdTime": "2021-03-25T06:43:08.5591285Z",
      "updatedTime": "2021-03-26T06:22:38.3628145Z",
      "createdUserId": "93a3e0a0-a0f7-4803-ab57-3609dfe6e344",
      "updatedUserId": "93a3e0a0-a0f7-4803-ab57-3609dfe6e344"
    }
  ],
  "botMessages": [
    {
      "channelContent": {
        "web": {
          "contentFormat": "Markdown",
          "content": "非アクティブなチームの自動削除は、Teams の有効期限ポリシーを使用して管理できます。 これは、未使用の非アクティブなチームをクリーンアップするのに役立ちます。\n\n[チームの有効期限と自動更新に関する記事](https://docs.microsoft.com/ja-jp/microsoftteams/team-expiration-renewal)を参照してください。"
        }
      },
      "id": "1cccdb9c-1564-4ad6-949b-8df377587306",
      "createdTime": "2021-03-25T06:43:08.5591285Z",
      "updatedTime": "2021-03-25T06:43:08.5591285Z",
      "createdUserId": "93a3e0a0-a0f7-4803-ab57-3609dfe6e344",
      "updatedUserId": "93a3e0a0-a0f7-4803-ab57-3609dfe6e344"
    }
  ],
  "createdUtc": "0001-01-01T00:00:00Z"
}