{
  "intents": [
    {
      "triggerQueries": [
        "ボットをブロックする方法は？"
      ],
      "dialogId": "new_topic_72bd95e2f2574090ba451cab2236ab87",
      "isTriggeringEnabled": true,
      "id": "new_topic_72bd95e2f2574090ba451cab2236ab87",
      "displayName": "ボットをブロックする方法は？",
      "description": "https://adoptionbot-test.azurewebsites.net/adoptbot2021-Japanese.xlsx",
      "createdTime": "2021-03-25T06:43:08.5581282Z",
      "updatedTime": "2021-03-25T06:52:34.2240334Z",
      "createdUserId": "93a3e0a0-a0f7-4803-ab57-3609dfe6e344",
      "updatedUserId": "93a3e0a0-a0f7-4803-ab57-3609dfe6e344"
    }
  ],
  "dialogs": [
    {
      "rootNodeId": "04bab666-29fd-4978-b613-805b079fc6ad",
      "messageNodes": [
        {
          "botMessageId": "dfee5adb-2e54-4742-ade0-fc24c3790389",
          "nodeType": "BotMessageNode",
          "id": "04bab666-29fd-4978-b613-805b079fc6ad",
          "defaultTargetNodeId": "c57f7f70-e6cd-4a51-84e9-ec89e16805ab"
        }
      ],
      "dialogChangeNodes": [
        {
          "targetDialogId": "new_topic_9215a13fa73a4559acc63305146a7bd8_aeabea4d071f415c8c107e1cb7af5424_assumedsuccess",
          "nodeType": "DialogChangeNode",
          "id": "c57f7f70-e6cd-4a51-84e9-ec89e16805ab"
        }
      ],
      "id": "new_topic_72bd95e2f2574090ba451cab2236ab87",
      "displayName": "Dialog for ボットをブロックする方法は？",
      "createdTime": "2021-03-25T06:43:08.5581282Z",
      "updatedTime": "2021-03-26T02:51:40.3500271Z",
      "createdUserId": "93a3e0a0-a0f7-4803-ab57-3609dfe6e344",
      "updatedUserId": "93a3e0a0-a0f7-4803-ab57-3609dfe6e344"
    }
  ],
  "botMessages": [
    {
      "channelContent": {
        "web": {
          "contentFormat": "Markdown",
          "content": "ボットからの連絡を止めるオプションがあります。\n\nボットからの連絡を止めるには、チャットリストでボットとのチャット名で \\[その他のオプション\\] をクリックしてから **\\[ミュート\\]** をクリックします。\n\n恒久的な解決策として、チャネルからボットを完全に削除することができまです。 チャネル名で、**\\[その他のオプション\\]** 、**\\[チームを管理\\]** の順にクリックします。\n\n**\\[アプリ\\]** タブで、削除するボットの名前の横にある \\[アンインストール\\] をクリックします。"
        }
      },
      "id": "dfee5adb-2e54-4742-ade0-fc24c3790389",
      "createdTime": "2021-03-25T06:43:08.5581282Z",
      "updatedTime": "2021-03-25T06:43:08.5581282Z",
      "createdUserId": "93a3e0a0-a0f7-4803-ab57-3609dfe6e344",
      "updatedUserId": "93a3e0a0-a0f7-4803-ab57-3609dfe6e344"
    }
  ],
  "createdUtc": "0001-01-01T00:00:00Z"
}