{
  "intents": [
    {
      "triggerQueries": [
        "チームを作成する方法は？"
      ],
      "dialogId": "new_topic_230bb1c76d5e4dbb8d05d1a0312fb878",
      "isTriggeringEnabled": true,
      "id": "new_topic_230bb1c76d5e4dbb8d05d1a0312fb878",
      "displayName": "チームを作成する方法は？",
      "description": "https://adoptionbot-test.azurewebsites.net/adoptbot2021-Japanese.xlsx",
      "createdTime": "2021-03-25T06:43:08.5581282Z",
      "updatedTime": "2021-03-25T06:59:12.093516Z",
      "createdUserId": "93a3e0a0-a0f7-4803-ab57-3609dfe6e344",
      "updatedUserId": "93a3e0a0-a0f7-4803-ab57-3609dfe6e344"
    }
  ],
  "dialogs": [
    {
      "rootNodeId": "b626fc1b-9936-4a5e-95e1-7c21d7b82b6b",
      "messageNodes": [
        {
          "botMessageId": "c1b5a025-826e-43ce-9907-4ddb03c9bffb",
          "nodeType": "BotMessageNode",
          "id": "b626fc1b-9936-4a5e-95e1-7c21d7b82b6b",
          "defaultTargetNodeId": "a1a3423d-6d2e-422f-8858-e5b98638762a"
        }
      ],
      "dialogChangeNodes": [
        {
          "targetDialogId": "new_topic_9215a13fa73a4559acc63305146a7bd8_aeabea4d071f415c8c107e1cb7af5424_assumedsuccess",
          "nodeType": "DialogChangeNode",
          "id": "a1a3423d-6d2e-422f-8858-e5b98638762a"
        }
      ],
      "id": "new_topic_230bb1c76d5e4dbb8d05d1a0312fb878",
      "displayName": "Dialog for チームを作成する方法は？",
      "createdTime": "2021-03-25T06:43:08.5581282Z",
      "updatedTime": "2021-03-25T11:32:29.6077787Z",
      "createdUserId": "93a3e0a0-a0f7-4803-ab57-3609dfe6e344",
      "updatedUserId": "93a3e0a0-a0f7-4803-ab57-3609dfe6e344"
    }
  ],
  "botMessages": [
    {
      "channelContent": {
        "web": {
          "contentFormat": "Markdown",
          "content": "2 つのオプションがあります：[最初からチームを作成](https://support.microsoft.com/ja-jp/office/%e5%88%9d%e3%82%81%e3%81%8b%e3%82%89%e3%83%81%e3%83%bc%e3%83%a0%e3%82%92%e4%bd%9c%e6%88%90%e3%81%99%e3%82%8b-174adf5f-846b-4780-b765-de1a0a737e2b?ui=ja-JP&rs=ja-JP&ad=JP)する、またはテンプレート/既存のチームからチームを作成します。\n\nチームを作成する方法：\n\nTeams サイドバーで、(一覧の下部にある) \\[チーム\\] をクリックし、\\[チームに参加、またはチームを作成\\] をクリックして、\\[チームを作成\\] をクリックします。\n\n**最初から：**\n\n次の設定で新しいチームを作成できます。\n\n\\- プライベート：所有者はユーザーをチームに招待する必要があります\n\n\\- パブリック：組織内の誰でも参加できます。\n\n管理者 のみ：組織全体のチーム：すべてのユーザーが自動的にチームに追加されます。\n\n**グループまたはチームから：**\n\n新しいチームに既存の構造と設定を再利用できます。 既存のチームまたは Microsoft 365 グループを選択します。 複製する内容を設定します。\n\nチームを作成したら、ユーザーを招待できます。 個々のユーザー、グループ、および連絡先グループ (配布リスト) 全体を追加できます。\n\nヒント:各チームで少なくとも 2 人はチームの所有者になるべきです。"
        }
      },
      "id": "c1b5a025-826e-43ce-9907-4ddb03c9bffb",
      "createdTime": "2021-03-25T06:43:08.5581282Z",
      "updatedTime": "2021-03-25T06:43:08.5581282Z",
      "createdUserId": "93a3e0a0-a0f7-4803-ab57-3609dfe6e344",
      "updatedUserId": "93a3e0a0-a0f7-4803-ab57-3609dfe6e344"
    }
  ],
  "createdUtc": "0001-01-01T00:00:00Z"
}