{
  "intents": [
    {
      "triggerQueries": [
        "Microsoft 365 とは何ですか？"
      ],
      "dialogId": "new_topic_5e40a8136cc1468988b513a158192ea9",
      "isTriggeringEnabled": true,
      "id": "new_topic_5e40a8136cc1468988b513a158192ea9",
      "displayName": "Microsoft 365 とは何ですか？",
      "description": "https://adoptionbot-test.azurewebsites.net/adoptbot2021-Japanese.xlsx",
      "createdTime": "2021-03-25T06:43:08.5581282Z",
      "updatedTime": "2021-03-25T06:55:00.579148Z",
      "createdUserId": "93a3e0a0-a0f7-4803-ab57-3609dfe6e344",
      "updatedUserId": "93a3e0a0-a0f7-4803-ab57-3609dfe6e344"
    }
  ],
  "dialogs": [
    {
      "rootNodeId": "fc80b713-b97b-4c40-8fcf-5d0fec417fbb",
      "messageNodes": [
        {
          "botMessageId": "5315c56f-ffd8-455f-b741-498386060284",
          "nodeType": "BotMessageNode",
          "id": "fc80b713-b97b-4c40-8fcf-5d0fec417fbb",
          "defaultTargetNodeId": "f324ffa6-5a95-491d-9dc0-894f3eb1184e"
        }
      ],
      "dialogChangeNodes": [
        {
          "targetDialogId": "new_topic_9215a13fa73a4559acc63305146a7bd8_aeabea4d071f415c8c107e1cb7af5424_assumedsuccess",
          "nodeType": "DialogChangeNode",
          "id": "f324ffa6-5a95-491d-9dc0-894f3eb1184e"
        }
      ],
      "id": "new_topic_5e40a8136cc1468988b513a158192ea9",
      "displayName": "Dialog for Microsoft 365 とは何ですか？",
      "createdTime": "2021-03-25T06:43:08.5581282Z",
      "updatedTime": "2021-03-26T01:46:16.9648424Z",
      "createdUserId": "93a3e0a0-a0f7-4803-ab57-3609dfe6e344",
      "updatedUserId": "93a3e0a0-a0f7-4803-ab57-3609dfe6e344"
    }
  ],
  "botMessages": [
    {
      "channelContent": {
        "web": {
          "contentFormat": "Markdown",
          "content": "Microsoft 365 は、コラボレーションのためのユニバーサル ツールキットです。 詳細は[こちら](https://www.microsoft.com/ja-jp/microsoft-365)"
        }
      },
      "id": "5315c56f-ffd8-455f-b741-498386060284",
      "createdTime": "2021-03-25T06:43:08.5581282Z",
      "updatedTime": "2021-03-25T06:43:08.5581282Z",
      "createdUserId": "93a3e0a0-a0f7-4803-ab57-3609dfe6e344",
      "updatedUserId": "93a3e0a0-a0f7-4803-ab57-3609dfe6e344"
    }
  ],
  "createdUtc": "0001-01-01T00:00:00Z"
}