{
  "intents": [
    {
      "triggerQueries": [
        "サポートされている会議中のダイヤルパッドコマンドは？"
      ],
      "dialogId": "new_topic_0d3d5b54492b47b8839a6d2d07bd097a",
      "isTriggeringEnabled": true,
      "id": "new_topic_0d3d5b54492b47b8839a6d2d07bd097a",
      "displayName": "サポートされている会議中のダイヤルパッドコマンドは？",
      "description": "https://adoptionbot-test.azurewebsites.net/adoptbot2021-Japanese.xlsx",
      "createdTime": "2021-03-25T06:43:08.5581282Z",
      "updatedTime": "2021-03-25T06:56:48.9867131Z",
      "createdUserId": "93a3e0a0-a0f7-4803-ab57-3609dfe6e344",
      "updatedUserId": "93a3e0a0-a0f7-4803-ab57-3609dfe6e344"
    }
  ],
  "dialogs": [
    {
      "rootNodeId": "9c9154bf-6224-409c-9740-016687de2b73",
      "messageNodes": [
        {
          "botMessageId": "e4b287f4-3a3d-4d91-995a-82ed76668ec1",
          "nodeType": "BotMessageNode",
          "id": "9c9154bf-6224-409c-9740-016687de2b73",
          "defaultTargetNodeId": "7201aec3-dd27-4736-93dd-a953dae58196"
        }
      ],
      "dialogChangeNodes": [
        {
          "targetDialogId": "new_topic_9215a13fa73a4559acc63305146a7bd8_aeabea4d071f415c8c107e1cb7af5424_assumedsuccess",
          "nodeType": "DialogChangeNode",
          "id": "7201aec3-dd27-4736-93dd-a953dae58196"
        }
      ],
      "id": "new_topic_0d3d5b54492b47b8839a6d2d07bd097a",
      "displayName": "Dialog for サポートされている会議中のダイヤルパッドコマンドは？",
      "createdTime": "2021-03-25T06:43:08.5581282Z",
      "updatedTime": "2021-03-25T12:25:28.7117168Z",
      "createdUserId": "93a3e0a0-a0f7-4803-ab57-3609dfe6e344",
      "updatedUserId": "93a3e0a0-a0f7-4803-ab57-3609dfe6e344"
    }
  ],
  "botMessages": [
    {
      "channelContent": {
        "web": {
          "contentFormat": "Markdown",
          "content": "\\*6 (ミュート/ミュート解除)\n\n\\*1 (キーパッドコマンドの説明を再生)"
        }
      },
      "id": "e4b287f4-3a3d-4d91-995a-82ed76668ec1",
      "createdTime": "2021-03-25T06:43:08.5581282Z",
      "updatedTime": "2021-03-25T06:43:08.5581282Z",
      "createdUserId": "93a3e0a0-a0f7-4803-ab57-3609dfe6e344",
      "updatedUserId": "93a3e0a0-a0f7-4803-ab57-3609dfe6e344"
    }
  ],
  "createdUtc": "0001-01-01T00:00:00Z"
}