{
  "intents": [
    {
      "triggerQueries": [
        "Teams の会議は Outlook にも表示されますか？"
      ],
      "dialogId": "new_topic_1e3167de71b34d8495c2cfe19e94abeb",
      "isTriggeringEnabled": true,
      "id": "new_topic_1e3167de71b34d8495c2cfe19e94abeb",
      "displayName": "Teams の会議は Outlook にも表示されますか？",
      "description": "https://adoptionbot-test.azurewebsites.net/adoptbot2021-Japanese.xlsx",
      "createdTime": "2021-03-25T06:43:08.5581282Z",
      "updatedTime": "2021-03-25T06:57:30.0076208Z",
      "createdUserId": "93a3e0a0-a0f7-4803-ab57-3609dfe6e344",
      "updatedUserId": "93a3e0a0-a0f7-4803-ab57-3609dfe6e344"
    }
  ],
  "dialogs": [
    {
      "rootNodeId": "4f4e8b1c-f14b-47fd-b193-49ff7d9dbef4",
      "messageNodes": [
        {
          "botMessageId": "9f9f5857-1e4e-4e35-ad48-1b25df7f17f3",
          "nodeType": "BotMessageNode",
          "id": "4f4e8b1c-f14b-47fd-b193-49ff7d9dbef4",
          "defaultTargetNodeId": "99d3b47c-a0c1-430a-be6f-006242ff85b8"
        }
      ],
      "dialogChangeNodes": [
        {
          "targetDialogId": "new_topic_9215a13fa73a4559acc63305146a7bd8_aeabea4d071f415c8c107e1cb7af5424_assumedsuccess",
          "nodeType": "DialogChangeNode",
          "id": "99d3b47c-a0c1-430a-be6f-006242ff85b8"
        }
      ],
      "id": "new_topic_1e3167de71b34d8495c2cfe19e94abeb",
      "displayName": "Dialog for Teams の会議は Outlook にも表示されますか？",
      "createdTime": "2021-03-25T06:43:08.5581282Z",
      "updatedTime": "2021-03-25T12:15:45.2324395Z",
      "createdUserId": "93a3e0a0-a0f7-4803-ab57-3609dfe6e344",
      "updatedUserId": "93a3e0a0-a0f7-4803-ab57-3609dfe6e344"
    }
  ],
  "botMessages": [
    {
      "channelContent": {
        "web": {
          "contentFormat": "Markdown",
          "content": "Teams で会議をスケジュールした場合、Outlook **予定表**の Teams の \\[予定表\\] に反映されます。  \n  \n注意：Outlook 予定表は、Teams と Outlook の両方で使用されます。"
        }
      },
      "id": "9f9f5857-1e4e-4e35-ad48-1b25df7f17f3",
      "createdTime": "2021-03-25T06:43:08.5581282Z",
      "updatedTime": "2021-03-25T06:43:08.5581282Z",
      "createdUserId": "93a3e0a0-a0f7-4803-ab57-3609dfe6e344",
      "updatedUserId": "93a3e0a0-a0f7-4803-ab57-3609dfe6e344"
    }
  ],
  "createdUtc": "0001-01-01T00:00:00Z"
}