{
  "intents": [
    {
      "triggerQueries": [
        "Teams のデジタル トレーニングの入手方法は？"
      ],
      "dialogId": "new_topic_5d9e74bf29734fa2a23357d5aaf9cd62",
      "isTriggeringEnabled": true,
      "id": "new_topic_5d9e74bf29734fa2a23357d5aaf9cd62",
      "displayName": "Teams のデジタル トレーニングの入手方法は？",
      "description": "https://adoptionbot-test.azurewebsites.net/adoptbot2021-Japanese.xlsx",
      "createdTime": "2021-03-25T06:43:08.565101Z",
      "updatedTime": "2021-03-25T06:48:54.2448525Z",
      "createdUserId": "93a3e0a0-a0f7-4803-ab57-3609dfe6e344",
      "updatedUserId": "93a3e0a0-a0f7-4803-ab57-3609dfe6e344"
    }
  ],
  "dialogs": [
    {
      "rootNodeId": "1d7bc163-091f-4197-bf2a-67acdc99aca8",
      "messageNodes": [
        {
          "botMessageId": "4ee68aba-1e65-4aa7-bff0-723c6b9a177b",
          "nodeType": "BotMessageNode",
          "id": "1d7bc163-091f-4197-bf2a-67acdc99aca8",
          "defaultTargetNodeId": "1c099427-1cbf-4029-bf7e-84375022dbaa"
        }
      ],
      "dialogChangeNodes": [
        {
          "targetDialogId": "new_topic_9215a13fa73a4559acc63305146a7bd8_aeabea4d071f415c8c107e1cb7af5424_assumedsuccess",
          "nodeType": "DialogChangeNode",
          "id": "1c099427-1cbf-4029-bf7e-84375022dbaa"
        }
      ],
      "id": "new_topic_5d9e74bf29734fa2a23357d5aaf9cd62",
      "displayName": "Dialog for Teams のデジタル トレーニングの入手方法は？",
      "createdTime": "2021-03-25T06:43:08.5591285Z",
      "updatedTime": "2021-03-26T06:41:42.8410137Z",
      "createdUserId": "93a3e0a0-a0f7-4803-ab57-3609dfe6e344",
      "updatedUserId": "93a3e0a0-a0f7-4803-ab57-3609dfe6e344"
    }
  ],
  "botMessages": [
    {
      "channelContent": {
        "web": {
          "contentFormat": "Markdown",
          "content": "ここでは、以下を利用できます。\n\n[Microsoft Teams ビデオ トレーニング](https://support.microsoft.com/ja-jp/office/microsoft-teams-%e3%83%93%e3%83%87%e3%82%aa-%e3%83%88%e3%83%ac%e3%83%bc%e3%83%8b%e3%83%b3%e3%82%b0-4f108e54-240b-4351-8084-b1089f0d21d7?ui=ja-JP&rs=ja-JP&ad=JP)"
        }
      },
      "id": "4ee68aba-1e65-4aa7-bff0-723c6b9a177b",
      "createdTime": "2021-03-25T06:43:08.5591285Z",
      "updatedTime": "2021-03-25T06:43:08.5591285Z",
      "createdUserId": "93a3e0a0-a0f7-4803-ab57-3609dfe6e344",
      "updatedUserId": "93a3e0a0-a0f7-4803-ab57-3609dfe6e344"
    }
  ],
  "createdUtc": "0001-01-01T00:00:00Z"
}