{
  "intents": [
    {
      "triggerQueries": [
        "Teams でサポートを利用できますか？"
      ],
      "dialogId": "new_topic_3017634c782f41d28bd60e313fb6343a",
      "isTriggeringEnabled": true,
      "id": "new_topic_3017634c782f41d28bd60e313fb6343a",
      "displayName": "Teams でサポートを利用できますか？",
      "description": "https://adoptionbot-test.azurewebsites.net/adoptbot2021-Japanese.xlsx",
      "createdTime": "2021-03-25T06:43:08.5591285Z",
      "updatedTime": "2021-03-25T06:50:55.7900447Z",
      "createdUserId": "93a3e0a0-a0f7-4803-ab57-3609dfe6e344",
      "updatedUserId": "93a3e0a0-a0f7-4803-ab57-3609dfe6e344"
    }
  ],
  "dialogs": [
    {
      "rootNodeId": "eea192c6-411e-4951-9fbd-47267d2c281f",
      "messageNodes": [
        {
          "botMessageId": "f8f171bc-5a6f-4243-970e-f630220f5821",
          "nodeType": "BotMessageNode",
          "id": "eea192c6-411e-4951-9fbd-47267d2c281f",
          "defaultTargetNodeId": "a31aa34a-24a0-4331-a11a-43b0c11be7e2"
        }
      ],
      "dialogChangeNodes": [
        {
          "targetDialogId": "new_topic_9215a13fa73a4559acc63305146a7bd8_aeabea4d071f415c8c107e1cb7af5424_assumedsuccess",
          "nodeType": "DialogChangeNode",
          "id": "a31aa34a-24a0-4331-a11a-43b0c11be7e2"
        }
      ],
      "id": "new_topic_3017634c782f41d28bd60e313fb6343a",
      "displayName": "Dialog for Teams でサポートを利用できますか？",
      "createdTime": "2021-03-25T06:43:08.5591285Z",
      "updatedTime": "2021-03-26T05:09:59.9133984Z",
      "createdUserId": "93a3e0a0-a0f7-4803-ab57-3609dfe6e344",
      "updatedUserId": "93a3e0a0-a0f7-4803-ab57-3609dfe6e344"
    }
  ],
  "botMessages": [
    {
      "channelContent": {
        "web": {
          "contentFormat": "Markdown",
          "content": "Teams は、すべてのユーザーが Teams で会議、チャット、および共同作業を行うためのアクセシビリティとサポートを提供します。 [ここでは、Teams での最新のアクセシビリティの概要が確認できます。](https://support.microsoft.com/ja-jp/office/microsoft-teams-%E3%81%AE%E3%82%A2%E3%82%AF%E3%82%BB%E3%82%B7%E3%83%93%E3%83%AA%E3%83%86%E3%82%A3%E3%81%AE%E6%A6%82%E8%A6%81-2d4009e7-1300-4766-87e8-7a217496c3d5)\n\n例えば、[Teams のイマーシブリーダー](https://support.microsoft.com/ja-jp/topic/microsoft-teams-%E3%81%A7%E3%82%A4%E3%83%9E%E3%83%BC%E3%82%B7%E3%83%96%E3%83%AA%E3%83%BC%E3%83%80%E3%83%BC%E3%82%92%E4%BD%BF%E7%94%A8%E3%81%99%E3%82%8B-a700c0d0-bc53-4696-a94d-4fbc86ac7a9a)があります。\n\nテキストを読み上げたり別の言語を話したい場合は、必要に応じて Teams のテキストを作成できます。 色、フォント、サイズを自由に設定でき、例えば失読症や学習障害を持つユーザーの支援もできます。\n\n絵辞書、行のフォーカス、品詞も視覚的な支援に利用できます。\n\nTeams のメッセージで、**\\[その他のオプション\\] \"...\"** をクリックし、**\\[イマーシブ リーダー\\]** を選択します。"
        }
      },
      "id": "f8f171bc-5a6f-4243-970e-f630220f5821",
      "createdTime": "2021-03-25T06:43:08.5591285Z",
      "updatedTime": "2021-03-25T06:43:08.5591285Z",
      "createdUserId": "93a3e0a0-a0f7-4803-ab57-3609dfe6e344",
      "updatedUserId": "93a3e0a0-a0f7-4803-ab57-3609dfe6e344"
    }
  ],
  "createdUtc": "0001-01-01T00:00:00Z"
}