{
  "intents": [
    {
      "triggerQueries": [
        "ブレーク アウト ルームの使い方は？"
      ],
      "dialogId": "new_topic_49ee82a8d0704e1fbae36e31b553d3de",
      "isTriggeringEnabled": true,
      "id": "new_topic_49ee82a8d0704e1fbae36e31b553d3de",
      "displayName": "ブレーク アウト ルームの使い方は？",
      "description": "https://adoptionbot-test.azurewebsites.net/adoptbot2021-Japanese.xlsx",
      "createdTime": "2021-03-25T06:43:08.565101Z",
      "updatedTime": "2021-03-25T06:45:21.40085Z",
      "createdUserId": "93a3e0a0-a0f7-4803-ab57-3609dfe6e344",
      "updatedUserId": "93a3e0a0-a0f7-4803-ab57-3609dfe6e344"
    }
  ],
  "dialogs": [
    {
      "rootNodeId": "2309a876-2129-4438-8d24-ea59d6d20d3f",
      "messageNodes": [
        {
          "botMessageId": "16fa5ecb-9469-43b3-b359-b6b265dd51e4",
          "nodeType": "BotMessageNode",
          "id": "2309a876-2129-4438-8d24-ea59d6d20d3f",
          "defaultTargetNodeId": "597ebdf6-f490-4145-87d6-691d0aab13e0"
        }
      ],
      "dialogChangeNodes": [
        {
          "targetDialogId": "new_topic_9215a13fa73a4559acc63305146a7bd8_aeabea4d071f415c8c107e1cb7af5424_assumedsuccess",
          "nodeType": "DialogChangeNode",
          "id": "597ebdf6-f490-4145-87d6-691d0aab13e0"
        }
      ],
      "id": "new_topic_49ee82a8d0704e1fbae36e31b553d3de",
      "displayName": "Dialog for ブレーク アウト ルームの使い方は？",
      "createdTime": "2021-03-25T06:43:08.565101Z",
      "updatedTime": "2021-03-26T07:40:57.6346454Z",
      "createdUserId": "93a3e0a0-a0f7-4803-ab57-3609dfe6e344",
      "updatedUserId": "93a3e0a0-a0f7-4803-ab57-3609dfe6e344"
    }
  ],
  "botMessages": [
    {
      "channelContent": {
        "web": {
          "contentFormat": "Markdown",
          "content": "ブレーク アウト ルームは多くのシナリオで役立ちます。 [Teams でブレーク アウト ルームを使用する方法については、常に最新のガイドを確認してください。](https://support.microsoft.com/ja-jp/office/teams-%e4%bc%9a%e8%ad%b0%e3%81%a7%e3%83%96%e3%83%ac%e3%83%bc%e3%82%af%e3%82%a2%e3%82%a6%e3%83%88-%e3%83%ab%e3%83%bc%e3%83%a0%e3%82%92%e4%bd%bf%e7%94%a8%e3%81%99%e3%82%8b-7de1f48a-da07-466c-a5ab-4ebace28e461?ui=ja-JP&rs=ja-JP&ad=JP)"
        }
      },
      "id": "16fa5ecb-9469-43b3-b359-b6b265dd51e4",
      "createdTime": "2021-03-25T06:43:08.565101Z",
      "updatedTime": "2021-03-25T06:43:08.565101Z",
      "createdUserId": "93a3e0a0-a0f7-4803-ab57-3609dfe6e344",
      "updatedUserId": "93a3e0a0-a0f7-4803-ab57-3609dfe6e344"
    }
  ],
  "createdUtc": "0001-01-01T00:00:00Z"
}