{
  "intents": [
    {
      "triggerQueries": [
        "どこからでもリモートワークできますか？"
      ],
      "dialogId": "new_topic_dc1414173321477ab8ba6ad5f62f7264",
      "isTriggeringEnabled": true,
      "id": "new_topic_dc1414173321477ab8ba6ad5f62f7264",
      "displayName": "どこからでもリモートワークできますか？",
      "description": "https://adoptionbot-test.azurewebsites.net/adoptbot2021-Japanese.xlsx",
      "createdTime": "2021-03-25T06:43:08.565101Z",
      "updatedTime": "2021-03-25T06:46:20.9244449Z",
      "createdUserId": "93a3e0a0-a0f7-4803-ab57-3609dfe6e344",
      "updatedUserId": "93a3e0a0-a0f7-4803-ab57-3609dfe6e344"
    }
  ],
  "dialogs": [
    {
      "rootNodeId": "a59d2694-f0c1-4252-9e92-2224bce08dbe",
      "messageNodes": [
        {
          "botMessageId": "b58911d8-60e1-4cc1-a3e7-284dd0004f77",
          "nodeType": "BotMessageNode",
          "id": "a59d2694-f0c1-4252-9e92-2224bce08dbe",
          "defaultTargetNodeId": "1bc34c06-df47-4f3b-85f3-2990e50ab0df"
        }
      ],
      "dialogChangeNodes": [
        {
          "targetDialogId": "new_topic_9215a13fa73a4559acc63305146a7bd8_aeabea4d071f415c8c107e1cb7af5424_assumedsuccess",
          "nodeType": "DialogChangeNode",
          "id": "1bc34c06-df47-4f3b-85f3-2990e50ab0df"
        }
      ],
      "id": "new_topic_dc1414173321477ab8ba6ad5f62f7264",
      "displayName": "Dialog for どこからでもリモートワークできますか？",
      "createdTime": "2021-03-25T06:43:08.565101Z",
      "updatedTime": "2021-03-26T07:25:54.8959225Z",
      "createdUserId": "93a3e0a0-a0f7-4803-ab57-3609dfe6e344",
      "updatedUserId": "93a3e0a0-a0f7-4803-ab57-3609dfe6e344"
    }
  ],
  "botMessages": [
    {
      "channelContent": {
        "web": {
          "contentFormat": "Markdown",
          "content": "[Microsoft 365 を使ってどこからでも共同作業を行う](https://support.microsoft.com/ja-jp/office/microsoft-365-%e3%82%92%e4%bd%bf%e7%94%a8%e3%81%97%e3%81%a6%e3%81%a9%e3%81%93%e3%81%8b%e3%82%89%e3%81%a7%e3%82%82%e5%85%b1%e5%90%8c%e4%bd%9c%e6%a5%ad%e3%82%92%e8%a1%8c%e3%81%86-ac05a41e-0b49-4420-9ebc-190ee4e744f4?ui=ja-JP&rs=ja-JP&ad=JP) - すべての Microsoft 365 ワークロード間で連携し生産性を高めます。"
        }
      },
      "id": "b58911d8-60e1-4cc1-a3e7-284dd0004f77",
      "createdTime": "2021-03-25T06:43:08.565101Z",
      "updatedTime": "2021-03-25T06:43:08.565101Z",
      "createdUserId": "93a3e0a0-a0f7-4803-ab57-3609dfe6e344",
      "updatedUserId": "93a3e0a0-a0f7-4803-ab57-3609dfe6e344"
    }
  ],
  "createdUtc": "0001-01-01T00:00:00Z"
}