{
  "namedEntities": [
    {
      "synonyms": [
        "home"
      ],
      "id": "ff0ca6dd-de7a-4bee-b849-16210d63f3c5",
      "displayName": "ホーム ユーザー",
      "updatedTime": "2021-03-19T00:59:03.7326162Z",
      "updatedUserId": "93a3e0a0-a0f7-4803-ab57-3609dfe6e344",
      "versionNumber": 0,
      "componentId": "00000000-0000-0000-0000-000000000000"
    },
    {
      "synonyms": [
        "gaming"
      ],
      "id": "2ccf421b-89a6-43a8-8b4f-b8d8f63b58bf",
      "displayName": "ゲーマー",
      "updatedTime": "2021-03-19T00:59:03.7326162Z",
      "updatedUserId": "93a3e0a0-a0f7-4803-ab57-3609dfe6e344",
      "versionNumber": 0,
      "componentId": "00000000-0000-0000-0000-000000000000"
    },
    {
      "synonyms": [
        "business"
      ],
      "id": "2d32734c-9552-47c5-963b-563fe1d9ea7e",
      "displayName": "ビジネス ユーザー",
      "updatedTime": "2021-03-19T00:59:03.7326162Z",
      "updatedUserId": "93a3e0a0-a0f7-4803-ab57-3609dfe6e344",
      "versionNumber": 0,
      "componentId": "00000000-0000-0000-0000-000000000000"
    }
  ],
  "createdUtc": "0001-01-01T00:00:00Z",
  "closedListTypes": [
    {
      "namedEntities": [
        "ff0ca6dd-de7a-4bee-b849-16210d63f3c5",
        "2ccf421b-89a6-43a8-8b4f-b8d8f63b58bf",
        "2d32734c-9552-47c5-963b-563fe1d9ea7e"
      ],
      "smartMatchingEnabled": true,
      "customTypeSchema": "ClosedList",
      "id": "new_customtype_9215a13fa73a4559acc63305146a7bd8_f86fcadfd497444e91ed11c12b059d10",
      "displayName": "使用状況タイプ",
      "description": "レッスン 4 使用状況タイプ エンティティ",
      "createdTime": "2019-10-25T14:03:43.9601778Z",
      "updatedTime": "2021-03-19T00:59:03.7326162Z",
      "createdUserId": "user0",
      "updatedUserId": "93a3e0a0-a0f7-4803-ab57-3609dfe6e344",
      "versionNumber": 0,
      "componentId": "00000000-0000-0000-0000-000000000000"
    }
  ]
}