<botcomponent schemaname="new_topic_16c0b43e85cc4ca68345812f1aa12699">
  <componenttype>0</componenttype>
  <description>https://adoptionbot-test.azurewebsites.net/adoptbot2021-Japanese.xlsx</description>
  <iscustomizable>1</iscustomizable>
  <name>以前のバージョンの Office を使用しているユーザーは、Office 365 を使用して作成したドキュメントを開くことができますか？</name>
  <statecode>0</statecode>
  <statuscode>1</statuscode>
</botcomponent>