{
  "intents": [
    {
      "triggerQueries": [
        "以前のバージョンの Office を使用しているユーザーは、Office 365 を使用して作成したドキュメントを開くことができますか？"
      ],
      "dialogId": "new_topic_16c0b43e85cc4ca68345812f1aa12699",
      "isTriggeringEnabled": true,
      "id": "new_topic_16c0b43e85cc4ca68345812f1aa12699",
      "displayName": "以前のバージョンの Office を使用しているユーザーは、Office 365 を使用して作成したドキュメントを開くことができますか？",
      "description": "https://adoptionbot-test.azurewebsites.net/adoptbot2021-Japanese.xlsx",
      "createdTime": "2021-03-25T06:43:08.5581282Z",
      "updatedTime": "2021-03-25T06:55:27.1742829Z",
      "createdUserId": "93a3e0a0-a0f7-4803-ab57-3609dfe6e344",
      "updatedUserId": "93a3e0a0-a0f7-4803-ab57-3609dfe6e344"
    }
  ],
  "dialogs": [
    {
      "rootNodeId": "e345d54c-761e-481d-bcab-d8b6caf43441",
      "messageNodes": [
        {
          "botMessageId": "fadf7722-534b-48cc-9840-9cee1e49e67f",
          "nodeType": "BotMessageNode",
          "id": "e345d54c-761e-481d-bcab-d8b6caf43441",
          "defaultTargetNodeId": "8d147c03-e65b-436f-bd87-d35f77a6c068"
        }
      ],
      "dialogChangeNodes": [
        {
          "targetDialogId": "new_topic_9215a13fa73a4559acc63305146a7bd8_aeabea4d071f415c8c107e1cb7af5424_assumedsuccess",
          "nodeType": "DialogChangeNode",
          "id": "8d147c03-e65b-436f-bd87-d35f77a6c068"
        }
      ],
      "id": "new_topic_16c0b43e85cc4ca68345812f1aa12699",
      "displayName": "Dialog for 以前のバージョンの Office を使用しているユーザーは、Office 365 を使用して作成したドキュメントを開くことができますか？",
      "createdTime": "2021-03-25T06:43:08.5581282Z",
      "updatedTime": "2021-03-25T06:43:08.5581282Z",
      "createdUserId": "93a3e0a0-a0f7-4803-ab57-3609dfe6e344",
      "updatedUserId": "93a3e0a0-a0f7-4803-ab57-3609dfe6e344"
    }
  ],
  "botMessages": [
    {
      "channelContent": {
        "web": {
          "contentFormat": "Markdown",
          "content": "Office 365、Office 2019、Office 2016、Office 2013、および Office 2010 アプリケーションを使用しているユーザーは、追加の操作を行うことなく、Microsoft 365 を使用して作成されたドキュメントを開くことができます。"
        }
      },
      "id": "fadf7722-534b-48cc-9840-9cee1e49e67f",
      "createdTime": "2021-03-25T06:43:08.5581282Z",
      "updatedTime": "2021-03-25T06:43:08.5581282Z",
      "createdUserId": "93a3e0a0-a0f7-4803-ab57-3609dfe6e344",
      "updatedUserId": "93a3e0a0-a0f7-4803-ab57-3609dfe6e344"
    }
  ],
  "createdUtc": "0001-01-01T00:00:00Z"
}