{
  "intents": [
    {
      "triggerQueries": [
        "Exchange Online とは何ですか？"
      ],
      "dialogId": "new_topic_ba965a83066745f1abcb1f5f940ce456",
      "isTriggeringEnabled": true,
      "id": "new_topic_ba965a83066745f1abcb1f5f940ce456",
      "displayName": "Exchange Online とは何ですか？",
      "description": "https://adoptionbot-test.azurewebsites.net/adoptbot2021-Japanese.xlsx",
      "createdTime": "2021-03-25T06:43:08.5591285Z",
      "updatedTime": "2021-03-25T06:50:03.5793634Z",
      "createdUserId": "93a3e0a0-a0f7-4803-ab57-3609dfe6e344",
      "updatedUserId": "93a3e0a0-a0f7-4803-ab57-3609dfe6e344"
    }
  ],
  "dialogs": [
    {
      "rootNodeId": "1ddf3313-5d9e-4268-9213-48e5435a0ee5",
      "messageNodes": [
        {
          "botMessageId": "bfd746ba-c0b1-4f44-990e-72c7ead34bc6",
          "nodeType": "BotMessageNode",
          "id": "1ddf3313-5d9e-4268-9213-48e5435a0ee5",
          "defaultTargetNodeId": "ed2aaa3c-9d70-400b-923e-053ffc94ebdc"
        }
      ],
      "dialogChangeNodes": [
        {
          "targetDialogId": "new_topic_9215a13fa73a4559acc63305146a7bd8_aeabea4d071f415c8c107e1cb7af5424_assumedsuccess",
          "nodeType": "DialogChangeNode",
          "id": "ed2aaa3c-9d70-400b-923e-053ffc94ebdc"
        }
      ],
      "id": "new_topic_ba965a83066745f1abcb1f5f940ce456",
      "displayName": "Dialog for Exchange Online とは何ですか？",
      "createdTime": "2021-03-25T06:43:08.5591285Z",
      "updatedTime": "2021-03-25T06:43:08.5591285Z",
      "createdUserId": "93a3e0a0-a0f7-4803-ab57-3609dfe6e344",
      "updatedUserId": "93a3e0a0-a0f7-4803-ab57-3609dfe6e344"
    }
  ],
  "botMessages": [
    {
      "channelContent": {
        "web": {
          "contentFormat": "Markdown",
          "content": "Exchange Online は Microsoft 365 の一部です。 電子メールと予定表を提供します。 Office 365 の Outlook アイコンをクリックして起動します。"
        }
      },
      "id": "bfd746ba-c0b1-4f44-990e-72c7ead34bc6",
      "createdTime": "2021-03-25T06:43:08.5591285Z",
      "updatedTime": "2021-03-25T06:43:08.5591285Z",
      "createdUserId": "93a3e0a0-a0f7-4803-ab57-3609dfe6e344",
      "updatedUserId": "93a3e0a0-a0f7-4803-ab57-3609dfe6e344"
    }
  ],
  "createdUtc": "0001-01-01T00:00:00Z"
}