{
  "intents": [
    {
      "triggerQueries": [
        "ユーザーは会議中にオペレーターのサポートを受けられますか？"
      ],
      "dialogId": "new_topic_e3f0ecd5e9514e948280ced2ed674040",
      "isTriggeringEnabled": true,
      "id": "new_topic_e3f0ecd5e9514e948280ced2ed674040",
      "displayName": "ユーザーは会議中にオペレーターのサポートを受けられますか？",
      "description": "https://adoptionbot-test.azurewebsites.net/adoptbot2021-Japanese.xlsx",
      "createdTime": "2021-03-25T06:43:08.5581282Z",
      "updatedTime": "2021-03-25T06:56:34.8357165Z",
      "createdUserId": "93a3e0a0-a0f7-4803-ab57-3609dfe6e344",
      "updatedUserId": "93a3e0a0-a0f7-4803-ab57-3609dfe6e344"
    }
  ],
  "dialogs": [
    {
      "rootNodeId": "0c30a215-07ae-47e4-ad01-f44395b70fa1",
      "messageNodes": [
        {
          "botMessageId": "75556bf3-b163-41c9-bb91-12306b2bf60f",
          "nodeType": "BotMessageNode",
          "id": "0c30a215-07ae-47e4-ad01-f44395b70fa1",
          "defaultTargetNodeId": "49982f4d-886a-401f-a392-589904ef7070"
        }
      ],
      "dialogChangeNodes": [
        {
          "targetDialogId": "new_topic_9215a13fa73a4559acc63305146a7bd8_aeabea4d071f415c8c107e1cb7af5424_assumedsuccess",
          "nodeType": "DialogChangeNode",
          "id": "49982f4d-886a-401f-a392-589904ef7070"
        }
      ],
      "id": "new_topic_e3f0ecd5e9514e948280ced2ed674040",
      "displayName": "Dialog for ユーザーは会議中にオペレーターのサポートを受けられますか？",
      "createdTime": "2021-03-25T06:43:08.5581282Z",
      "updatedTime": "2021-03-25T12:37:45.8102179Z",
      "createdUserId": "93a3e0a0-a0f7-4803-ab57-3609dfe6e344",
      "updatedUserId": "93a3e0a0-a0f7-4803-ab57-3609dfe6e344"
    }
  ],
  "botMessages": [
    {
      "channelContent": {
        "web": {
          "contentFormat": "Markdown",
          "content": "ユーザーは、会議中に \\*0 を押してもオペレーターのサポートを受けることができません。 電話会議で問題がある場合、組織の管理者は [Office 365 の Microsoft サポート](https://docs.microsoft.com/ja-jp/microsoft-365/admin/contact-support-for-business-products?redirectSourcePath=%252farticle%252fMicrosoft-support-for-Office-365-32a17ca7-6fa0-4870-8a8d-e25ba4ccfd4b&view=o365-worldwide)に連絡できます。"
        }
      },
      "id": "75556bf3-b163-41c9-bb91-12306b2bf60f",
      "createdTime": "2021-03-25T06:43:08.5581282Z",
      "updatedTime": "2021-03-25T06:43:08.5581282Z",
      "createdUserId": "93a3e0a0-a0f7-4803-ab57-3609dfe6e344",
      "updatedUserId": "93a3e0a0-a0f7-4803-ab57-3609dfe6e344"
    }
  ],
  "createdUtc": "0001-01-01T00:00:00Z"
}