{
  "intents": [
    {
      "triggerQueries": [
        "SharePoint とは何ですか？"
      ],
      "dialogId": "new_topic_3cfe52842b1543c79291c9d54ca7ac80",
      "isTriggeringEnabled": true,
      "id": "new_topic_3cfe52842b1543c79291c9d54ca7ac80",
      "displayName": "SharePoint とは何ですか？",
      "description": "https://adoptionbot-test.azurewebsites.net/adoptbot2021-Japanese.xlsx",
      "createdTime": "2021-03-25T06:43:08.5581282Z",
      "updatedTime": "2021-03-25T06:55:13.6857452Z",
      "createdUserId": "93a3e0a0-a0f7-4803-ab57-3609dfe6e344",
      "updatedUserId": "93a3e0a0-a0f7-4803-ab57-3609dfe6e344"
    }
  ],
  "dialogs": [
    {
      "rootNodeId": "be49d6b1-83ca-4508-9536-16cc67fde11d",
      "messageNodes": [
        {
          "botMessageId": "f6b97335-55e4-485f-aeff-0b055faf6af2",
          "nodeType": "BotMessageNode",
          "id": "be49d6b1-83ca-4508-9536-16cc67fde11d",
          "defaultTargetNodeId": "8d72483c-9ee0-49e8-b2a5-cfa18374c606"
        }
      ],
      "dialogChangeNodes": [
        {
          "targetDialogId": "new_topic_9215a13fa73a4559acc63305146a7bd8_aeabea4d071f415c8c107e1cb7af5424_assumedsuccess",
          "nodeType": "DialogChangeNode",
          "id": "8d72483c-9ee0-49e8-b2a5-cfa18374c606"
        }
      ],
      "id": "new_topic_3cfe52842b1543c79291c9d54ca7ac80",
      "displayName": "Dialog for SharePoint とは何ですか？",
      "createdTime": "2021-03-25T06:43:08.5581282Z",
      "updatedTime": "2021-03-26T01:41:39.698345Z",
      "createdUserId": "93a3e0a0-a0f7-4803-ab57-3609dfe6e344",
      "updatedUserId": "93a3e0a0-a0f7-4803-ab57-3609dfe6e344"
    }
  ],
  "botMessages": [
    {
      "channelContent": {
        "web": {
          "contentFormat": "Markdown",
          "content": "SharePoint は、組織が Web サイトを作成するために使用します。SharePoint は、ほぼすべてのデバイスから情報を保存、整理、共有、およびアクセスするための安全な場所として使用できます。必要なのは Web ブラウザだけです。\n\n[SharePoint とは](https://support.microsoft.com/ja-jp/office/sharepoint-%E3%81%A8%E3%81%AF-97b915e6-651b-43b2-827d-fb25777f446f)　を参照してください。"
        }
      },
      "id": "f6b97335-55e4-485f-aeff-0b055faf6af2",
      "createdTime": "2021-03-25T06:43:08.5581282Z",
      "updatedTime": "2021-03-25T06:43:08.5581282Z",
      "createdUserId": "93a3e0a0-a0f7-4803-ab57-3609dfe6e344",
      "updatedUserId": "93a3e0a0-a0f7-4803-ab57-3609dfe6e344"
    }
  ],
  "createdUtc": "0001-01-01T00:00:00Z"
}