{
  "intents": [
    {
      "triggerQueries": [
        "Office は PC、Mac、およびモバイル デバイスで同じですか？"
      ],
      "dialogId": "new_topic_39412ec019734275a70f9a2de528ffd9",
      "isTriggeringEnabled": true,
      "id": "new_topic_39412ec019734275a70f9a2de528ffd9",
      "displayName": "Office は PC、Mac、およびモバイル デバイスで同じですか？",
      "description": "https://adoptionbot-test.azurewebsites.net/adoptbot2021-Japanese.xlsx",
      "createdTime": "2021-03-25T06:43:08.5581282Z",
      "updatedTime": "2021-03-25T06:55:22.7714516Z",
      "createdUserId": "93a3e0a0-a0f7-4803-ab57-3609dfe6e344",
      "updatedUserId": "93a3e0a0-a0f7-4803-ab57-3609dfe6e344"
    }
  ],
  "dialogs": [
    {
      "rootNodeId": "d25cd0e0-c0d0-42cf-a123-6ff340aab49e",
      "messageNodes": [
        {
          "botMessageId": "fd4c06b9-9a50-48bf-866e-30ad502080d1",
          "nodeType": "BotMessageNode",
          "id": "d25cd0e0-c0d0-42cf-a123-6ff340aab49e",
          "defaultTargetNodeId": "fad5cb27-c67d-458c-a46f-ca1345493ef4"
        }
      ],
      "dialogChangeNodes": [
        {
          "targetDialogId": "new_topic_9215a13fa73a4559acc63305146a7bd8_aeabea4d071f415c8c107e1cb7af5424_assumedsuccess",
          "nodeType": "DialogChangeNode",
          "id": "fad5cb27-c67d-458c-a46f-ca1345493ef4"
        }
      ],
      "id": "new_topic_39412ec019734275a70f9a2de528ffd9",
      "displayName": "Dialog for Office は PC、Mac、およびモバイル デバイスで同じですか？",
      "createdTime": "2021-03-25T06:43:08.5581282Z",
      "updatedTime": "2021-03-25T06:43:08.5581282Z",
      "createdUserId": "93a3e0a0-a0f7-4803-ab57-3609dfe6e344",
      "updatedUserId": "93a3e0a0-a0f7-4803-ab57-3609dfe6e344"
    }
  ],
  "botMessages": [
    {
      "channelContent": {
        "web": {
          "contentFormat": "Markdown",
          "content": "Office アプリケーションは、各プラットフォームとデバイスで最適に動作するように作られています。 Mac ユーザーまたはスマートフォンで使用できる Office アプリケーションとバージョン番号は、PC ユーザーのものとは異なる場合があります。"
        }
      },
      "id": "fd4c06b9-9a50-48bf-866e-30ad502080d1",
      "createdTime": "2021-03-25T06:43:08.5581282Z",
      "updatedTime": "2021-03-25T06:43:08.5581282Z",
      "createdUserId": "93a3e0a0-a0f7-4803-ab57-3609dfe6e344",
      "updatedUserId": "93a3e0a0-a0f7-4803-ab57-3609dfe6e344"
    }
  ],
  "createdUtc": "0001-01-01T00:00:00Z"
}