{
  "intents": [
    {
      "triggerQueries": [
        "Teams 会議に参加する方法は？"
      ],
      "dialogId": "new_topic_f41de0d2f8564649aa242672afbfc08e",
      "isTriggeringEnabled": true,
      "id": "new_topic_f41de0d2f8564649aa242672afbfc08e",
      "displayName": "Teams 会議に参加する方法は？",
      "description": "https://adoptionbot-test.azurewebsites.net/adoptbot2021-Japanese.xlsx",
      "createdTime": "2021-03-25T06:43:08.5581282Z",
      "updatedTime": "2021-03-25T06:57:54.3933776Z",
      "createdUserId": "93a3e0a0-a0f7-4803-ab57-3609dfe6e344",
      "updatedUserId": "93a3e0a0-a0f7-4803-ab57-3609dfe6e344"
    }
  ],
  "dialogs": [
    {
      "rootNodeId": "a8307073-c814-4f76-a2f5-ccb3f85a0ad4",
      "messageNodes": [
        {
          "botMessageId": "a1ede819-97d2-4262-b3af-b8094b856ccf",
          "nodeType": "BotMessageNode",
          "id": "a8307073-c814-4f76-a2f5-ccb3f85a0ad4",
          "defaultTargetNodeId": "b455a4df-ef72-485f-9634-9cdf4afca7ac"
        }
      ],
      "dialogChangeNodes": [
        {
          "targetDialogId": "new_topic_9215a13fa73a4559acc63305146a7bd8_aeabea4d071f415c8c107e1cb7af5424_assumedsuccess",
          "nodeType": "DialogChangeNode",
          "id": "b455a4df-ef72-485f-9634-9cdf4afca7ac"
        }
      ],
      "id": "new_topic_f41de0d2f8564649aa242672afbfc08e",
      "displayName": "Dialog for Teams 会議に参加する方法は？",
      "createdTime": "2021-03-25T06:43:08.5581282Z",
      "updatedTime": "2021-03-25T11:51:32.0016889Z",
      "createdUserId": "93a3e0a0-a0f7-4803-ab57-3609dfe6e344",
      "updatedUserId": "93a3e0a0-a0f7-4803-ab57-3609dfe6e344"
    }
  ],
  "botMessages": [
    {
      "channelContent": {
        "web": {
          "contentFormat": "Markdown",
          "content": "会議の招待のリンクをクリックするか、Teams で直接 **\\[参加\\]** を選択して、いつでも [Teams 会議に参加](https://support.microsoft.com/ja-jp/office/teams-%e3%81%a7%e3%81%ae%e4%bc%9a%e8%ad%b0%e3%81%ab%e5%8f%82%e5%8a%a0%e3%81%99%e3%82%8b-1613bb53-f3fa-431e-85a9-d6a91e3468c9?ui=ja-JP&rs=ja-JP&ad=JP#ID0EAACAAA=Dator)することができます。\n\nTeams のカレンダーを使用して、カレンダーを表示し、Teams 会議に参加したり、スケジュールを設定したりできます。 組織がオプションとして音声会議を提供している場合、会議の招待状にダイヤル イン番号が表示されます。"
        }
      },
      "id": "a1ede819-97d2-4262-b3af-b8094b856ccf",
      "createdTime": "2021-03-25T06:43:08.5581282Z",
      "updatedTime": "2021-03-25T06:43:08.5581282Z",
      "createdUserId": "93a3e0a0-a0f7-4803-ab57-3609dfe6e344",
      "updatedUserId": "93a3e0a0-a0f7-4803-ab57-3609dfe6e344"
    }
  ],
  "createdUtc": "0001-01-01T00:00:00Z"
}