{
  "intents": [
    {
      "triggerQueries": [
        "Teams のチャネルにメールを送信する方法は？"
      ],
      "dialogId": "new_topic_a7ef98e6278c4a2db9cd47d1f8478c05",
      "isTriggeringEnabled": true,
      "id": "new_topic_a7ef98e6278c4a2db9cd47d1f8478c05",
      "displayName": "Teams のチャネルにメールを送信する方法は？",
      "description": "https://adoptionbot-test.azurewebsites.net/adoptbot2021-Japanese.xlsx",
      "createdTime": "2021-03-25T06:43:08.5581282Z",
      "updatedTime": "2021-03-25T11:57:38.2161638Z",
      "createdUserId": "93a3e0a0-a0f7-4803-ab57-3609dfe6e344",
      "updatedUserId": "93a3e0a0-a0f7-4803-ab57-3609dfe6e344"
    }
  ],
  "dialogs": [
    {
      "rootNodeId": "e96af378-8c86-40b0-93c8-d47a7d0f8a17",
      "messageNodes": [
        {
          "botMessageId": "b52faa53-2472-4b19-b7f3-89b75d1eb525",
          "nodeType": "BotMessageNode",
          "id": "e96af378-8c86-40b0-93c8-d47a7d0f8a17",
          "defaultTargetNodeId": "fca1d933-b9da-4354-bbe2-dea232e78714"
        }
      ],
      "dialogChangeNodes": [
        {
          "targetDialogId": "new_topic_9215a13fa73a4559acc63305146a7bd8_aeabea4d071f415c8c107e1cb7af5424_assumedsuccess",
          "nodeType": "DialogChangeNode",
          "id": "fca1d933-b9da-4354-bbe2-dea232e78714"
        }
      ],
      "id": "new_topic_a7ef98e6278c4a2db9cd47d1f8478c05",
      "displayName": "Dialog for Teams のチャネルにメールを送信する方法は？",
      "createdTime": "2021-03-25T06:43:08.5581282Z",
      "updatedTime": "2021-03-25T11:58:57.521107Z",
      "createdUserId": "93a3e0a0-a0f7-4803-ab57-3609dfe6e344",
      "updatedUserId": "93a3e0a0-a0f7-4803-ab57-3609dfe6e344"
    }
  ],
  "botMessages": [
    {
      "channelContent": {
        "web": {
          "contentFormat": "Markdown",
          "content": "**最適な方法**：Outlook のメッセージで \\[チームに共有\\] ボタンを直接選択します。\n\n**このボタンがない場合:**\n\n各チャネルにはメールアドレスがあり、[Teams に直接メールを送信できます。](https://support.microsoft.com/ja-jp/office/teams-%e3%81%a7%e3%83%81%e3%83%a3%e3%83%8d%e3%83%ab%e3%81%ab%e9%9b%bb%e5%ad%90%e3%83%a1%e3%83%bc%e3%83%ab%e3%82%92%e9%80%81%e4%bf%a1%e3%81%99%e3%82%8b-d91db004-d9d7-4a47-82e6-fb1b16dfd51e?ui=ja-JP&rs=ja-JP&ad=JP) これを行うには、電子メールで送信するチャネルを探して、チャネル名をクリックします。 **\\[その他のオプション\\]** を選択し、**\\[電子メール アドレスとコピーの取得\\]** を選択します。\n\nOutlook で、電子メールをチャネルの電子メール アドレスに転送します。 送信するチャネルにメールが表示されます。 添付ファイルは、チャネルのファイルに展開され、保存されます。\n\n**ヒント**：Outlook でチャネルの電子メール アドレスを保存すると、受信したすべてのメールをその電子メール アドレスにすぐに転送できます。"
        }
      },
      "id": "b52faa53-2472-4b19-b7f3-89b75d1eb525",
      "createdTime": "2021-03-25T06:43:08.5581282Z",
      "updatedTime": "2021-03-25T06:43:08.5581282Z",
      "createdUserId": "93a3e0a0-a0f7-4803-ab57-3609dfe6e344",
      "updatedUserId": "93a3e0a0-a0f7-4803-ab57-3609dfe6e344"
    }
  ],
  "createdUtc": "0001-01-01T00:00:00Z"
}