{
  "intents": [
    {
      "triggerQueries": [
        "Teams でファイルを共有する方法は？"
      ],
      "dialogId": "new_topic_e50e23b5687f44fb8a5aa0579393aaf3",
      "isTriggeringEnabled": true,
      "id": "new_topic_e50e23b5687f44fb8a5aa0579393aaf3",
      "displayName": "Teams でファイルを共有する方法は？",
      "description": "https://adoptionbot-test.azurewebsites.net/adoptbot2021-Japanese.xlsx",
      "createdTime": "2021-03-25T06:43:08.5581282Z",
      "updatedTime": "2021-03-25T06:57:34.4239818Z",
      "createdUserId": "93a3e0a0-a0f7-4803-ab57-3609dfe6e344",
      "updatedUserId": "93a3e0a0-a0f7-4803-ab57-3609dfe6e344"
    }
  ],
  "dialogs": [
    {
      "rootNodeId": "475326e5-970e-4ba8-947c-64f513bbac7b",
      "messageNodes": [
        {
          "botMessageId": "ae478c21-76ea-4bd6-9f4c-4d0209547a77",
          "nodeType": "BotMessageNode",
          "id": "475326e5-970e-4ba8-947c-64f513bbac7b",
          "defaultTargetNodeId": "58f22183-ec7a-4eba-865a-3f5c45960918"
        }
      ],
      "dialogChangeNodes": [
        {
          "targetDialogId": "new_topic_9215a13fa73a4559acc63305146a7bd8_aeabea4d071f415c8c107e1cb7af5424_assumedsuccess",
          "nodeType": "DialogChangeNode",
          "id": "58f22183-ec7a-4eba-865a-3f5c45960918"
        }
      ],
      "id": "new_topic_e50e23b5687f44fb8a5aa0579393aaf3",
      "displayName": "Dialog for Teams でファイルを共有する方法は？",
      "createdTime": "2021-03-25T06:43:08.5581282Z",
      "updatedTime": "2021-03-25T12:12:42.2864681Z",
      "createdUserId": "93a3e0a0-a0f7-4803-ab57-3609dfe6e344",
      "updatedUserId": "93a3e0a0-a0f7-4803-ab57-3609dfe6e344"
    }
  ],
  "botMessages": [
    {
      "channelContent": {
        "web": {
          "contentFormat": "Markdown",
          "content": "Teams の各チャネルには **「ファイル」** タブがあり、 [ファイルをアップロードする](https://support.microsoft.com/ja-jp/office/teams-%e3%81%a7%e3%83%95%e3%82%a1%e3%82%a4%e3%83%ab%e3%82%92%e5%85%b1%e6%9c%89%e3%81%99%e3%82%8b-0c4d34ee-5dd8-46d5-ab35-0d227b5e6eb5?ui=ja-JP&rs=ja-JP&ad=JP)ことができます。 チャネルのチャットでファイルを共有することもできます。 これらのファイルは、チャネルの **\\[ファイル\\]** タブに自動的に表示されます。\n\nプライベート チャットまたはグループ チャットで共有されているファイルは、そのチャット内で他のユーザーと共有できます。\n\nTeams プラットフォームから離れずに、リアルタイムでドキュメントの印刷、共有、または共同作業ができます。"
        }
      },
      "id": "ae478c21-76ea-4bd6-9f4c-4d0209547a77",
      "createdTime": "2021-03-25T06:43:08.5581282Z",
      "updatedTime": "2021-03-25T06:43:08.5581282Z",
      "createdUserId": "93a3e0a0-a0f7-4803-ab57-3609dfe6e344",
      "updatedUserId": "93a3e0a0-a0f7-4803-ab57-3609dfe6e344"
    }
  ],
  "createdUtc": "0001-01-01T00:00:00Z"
}