{
  "intents": [
    {
      "triggerQueries": [
        "チームを作成できるユーザーを制限できますか？"
      ],
      "dialogId": "new_topic_2c206dfd5891438c976cdb40d8f2276b",
      "isTriggeringEnabled": true,
      "id": "new_topic_2c206dfd5891438c976cdb40d8f2276b",
      "displayName": "チームを作成できるユーザーを制限できますか？",
      "description": "https://adoptionbot-test.azurewebsites.net/adoptbot2021-Japanese.xlsx",
      "createdTime": "2021-03-25T06:43:08.5591285Z",
      "updatedTime": "2021-03-25T06:50:12.0696203Z",
      "createdUserId": "93a3e0a0-a0f7-4803-ab57-3609dfe6e344",
      "updatedUserId": "93a3e0a0-a0f7-4803-ab57-3609dfe6e344"
    }
  ],
  "dialogs": [
    {
      "rootNodeId": "4b3afee2-5e60-4267-a2d4-ab86f735cbd6",
      "messageNodes": [
        {
          "botMessageId": "0045dd41-d89b-49ae-a28d-75babe9bcb84",
          "nodeType": "BotMessageNode",
          "id": "4b3afee2-5e60-4267-a2d4-ab86f735cbd6",
          "defaultTargetNodeId": "6d97e435-3a8e-43f7-a9de-e927ff495370"
        }
      ],
      "dialogChangeNodes": [
        {
          "targetDialogId": "new_topic_9215a13fa73a4559acc63305146a7bd8_aeabea4d071f415c8c107e1cb7af5424_assumedsuccess",
          "nodeType": "DialogChangeNode",
          "id": "6d97e435-3a8e-43f7-a9de-e927ff495370"
        }
      ],
      "id": "new_topic_2c206dfd5891438c976cdb40d8f2276b",
      "displayName": "Dialog for チームを作成できるユーザーを制限できますか？",
      "createdTime": "2021-03-25T06:43:08.5591285Z",
      "updatedTime": "2021-03-26T06:19:56.7370225Z",
      "createdUserId": "93a3e0a0-a0f7-4803-ab57-3609dfe6e344",
      "updatedUserId": "93a3e0a0-a0f7-4803-ab57-3609dfe6e344"
    }
  ],
  "botMessages": [
    {
      "channelContent": {
        "web": {
          "contentFormat": "Markdown",
          "content": "既定では、Exchange Online メールボックスを持つすべてのユーザーには、Microsoft 365 グループ、つまり Microsoft Teams のチームを作成する権限があります。 新しいチームの作成、つまり、新しい Microsoft 365 グループの作成と管理の権限を、特定のユーザーに委任することによって、厳密に制御を行うことができます。\n\n手順については、[「Microsoft 365 グループを作成できるユーザーを管理する」](https://docs.microsoft.com/ja-jp/microsoft-365/solutions/manage-creation-of-groups?view=o365-worldwide) を参照してください。\n\nヒント：「Microsoft Teams 用のアプリ テンプレート」 の [「Request-a-team」](https://docs.microsoft.com/ja-jp/microsoftteams/platform/samples/app-templates#request-a-team) を確認してください"
        }
      },
      "id": "0045dd41-d89b-49ae-a28d-75babe9bcb84",
      "createdTime": "2021-03-25T06:43:08.5591285Z",
      "updatedTime": "2021-03-25T06:43:08.5591285Z",
      "createdUserId": "93a3e0a0-a0f7-4803-ab57-3609dfe6e344",
      "updatedUserId": "93a3e0a0-a0f7-4803-ab57-3609dfe6e344"
    }
  ],
  "createdUtc": "0001-01-01T00:00:00Z"
}