{
  "intents": [
    {
      "triggerQueries": [
        "既存のチームからチームを作成する方法は？"
      ],
      "dialogId": "new_topic_81d961abda73492985d87834c032476c",
      "isTriggeringEnabled": true,
      "id": "new_topic_81d961abda73492985d87834c032476c",
      "displayName": "既存のチームからチームを作成する方法は？",
      "description": "https://adoptionbot-test.azurewebsites.net/adoptbot2021-Japanese.xlsx",
      "createdTime": "2021-03-25T06:43:08.5581282Z",
      "updatedTime": "2021-03-25T06:59:15.9298141Z",
      "createdUserId": "93a3e0a0-a0f7-4803-ab57-3609dfe6e344",
      "updatedUserId": "93a3e0a0-a0f7-4803-ab57-3609dfe6e344"
    }
  ],
  "dialogs": [
    {
      "rootNodeId": "d62e8a58-b029-43e7-affa-15122c94903a",
      "messageNodes": [
        {
          "botMessageId": "d1f26765-f659-4645-9461-4f394a2864b0",
          "nodeType": "BotMessageNode",
          "id": "d62e8a58-b029-43e7-affa-15122c94903a",
          "defaultTargetNodeId": "6481ce37-d914-4641-b5b5-7559cd6c6f21"
        }
      ],
      "dialogChangeNodes": [
        {
          "targetDialogId": "new_topic_9215a13fa73a4559acc63305146a7bd8_aeabea4d071f415c8c107e1cb7af5424_assumedsuccess",
          "nodeType": "DialogChangeNode",
          "id": "6481ce37-d914-4641-b5b5-7559cd6c6f21"
        }
      ],
      "id": "new_topic_81d961abda73492985d87834c032476c",
      "displayName": "Dialog for 既存のチームからチームを作成する方法は？",
      "createdTime": "2021-03-25T06:43:08.5581282Z",
      "updatedTime": "2021-03-25T11:24:52.8561859Z",
      "createdUserId": "93a3e0a0-a0f7-4803-ab57-3609dfe6e344",
      "updatedUserId": "93a3e0a0-a0f7-4803-ab57-3609dfe6e344"
    }
  ],
  "botMessages": [
    {
      "channelContent": {
        "web": {
          "contentFormat": "Markdown",
          "content": "[既存のチームからチームを作成する](https://support.microsoft.com/ja-jp/office/%e6%97%a2%e5%ad%98%e3%81%ae%e3%83%81%e3%83%bc%e3%83%a0%e3%81%8b%e3%82%89%e3%83%81%e3%83%bc%e3%83%a0%e3%82%92%e4%bd%9c%e6%88%90%e3%81%99%e3%82%8b-f41a759b-3101-4af6-93bd-6aba0e5d7635?ui=ja-JP&rs=ja-JP&ad=JP)\n\n既存のチームの構造と設定を、新しいチームに再利用できます。\n\nチームを作成するには：Teams のサイド バーで、\\[チーム\\] をクリックします。 チームの一覧の下部にある **\\[チームに参加、またはチームを作成\\]** をクリックしてから、\\[チームを作成\\] をクリックします。\n\n**「グループまたはチームから」** オプションを選択します。 チームを作成する既存のチームまたは [Microsoft 365 グループ](https://support.microsoft.com/ja-jp/office/%e6%97%a2%e5%ad%98%e3%81%ae%e3%82%b0%e3%83%ab%e3%83%bc%e3%83%97%e3%81%8b%e3%82%89%e3%83%81%e3%83%bc%e3%83%a0%e3%82%92%e4%bd%9c%e6%88%90%e3%81%99%e3%82%8b-24ec428e-40d7-4a1a-ab87-29be7d145865?ui=ja-JP&rs=ja-JP&ad=JP)を選択します。 新しい名前を入力し、設定を確認します。\n\nチームを作成した後、ユーザーを招待できます。 個々のユーザー、グループ、および連絡先グループ (配布リスト) 全体を追加できます。\n\nヒント：各チームで少なくとも 2 人はチームの所有者になるべきです。"
        }
      },
      "id": "d1f26765-f659-4645-9461-4f394a2864b0",
      "createdTime": "2021-03-25T06:43:08.5581282Z",
      "updatedTime": "2021-03-25T06:43:08.5581282Z",
      "createdUserId": "93a3e0a0-a0f7-4803-ab57-3609dfe6e344",
      "updatedUserId": "93a3e0a0-a0f7-4803-ab57-3609dfe6e344"
    }
  ],
  "createdUtc": "0001-01-01T00:00:00Z"
}