{
  "intents": [
    {
      "triggerQueries": [
        "投稿にタイトルを付ける方法は？"
      ],
      "dialogId": "new_topic_b59a83dd04bb42f6ab79ca54c700b07c",
      "isTriggeringEnabled": true,
      "id": "new_topic_b59a83dd04bb42f6ab79ca54c700b07c",
      "displayName": "投稿にタイトルを付ける方法は？",
      "description": "https://adoptionbot-test.azurewebsites.net/adoptbot2021-Japanese.xlsx",
      "createdTime": "2021-03-25T06:43:08.5591285Z",
      "updatedTime": "2021-03-25T06:47:54.8906319Z",
      "createdUserId": "93a3e0a0-a0f7-4803-ab57-3609dfe6e344",
      "updatedUserId": "93a3e0a0-a0f7-4803-ab57-3609dfe6e344"
    }
  ],
  "dialogs": [
    {
      "rootNodeId": "f8c0a088-ca1b-41a9-9708-3a9e37afc222",
      "messageNodes": [
        {
          "botMessageId": "b011daa6-fe24-4dfb-a17f-b2eb16913c4b",
          "nodeType": "BotMessageNode",
          "id": "f8c0a088-ca1b-41a9-9708-3a9e37afc222",
          "defaultTargetNodeId": "cf156b7c-21a9-4361-935f-66c4985a4e1f"
        }
      ],
      "dialogChangeNodes": [
        {
          "targetDialogId": "new_topic_9215a13fa73a4559acc63305146a7bd8_aeabea4d071f415c8c107e1cb7af5424_assumedsuccess",
          "nodeType": "DialogChangeNode",
          "id": "cf156b7c-21a9-4361-935f-66c4985a4e1f"
        }
      ],
      "id": "new_topic_b59a83dd04bb42f6ab79ca54c700b07c",
      "displayName": "Dialog for 投稿にタイトルを付ける方法は？",
      "createdTime": "2021-03-25T06:43:08.5591285Z",
      "updatedTime": "2021-03-25T06:43:08.5591285Z",
      "createdUserId": "93a3e0a0-a0f7-4803-ab57-3609dfe6e344",
      "updatedUserId": "93a3e0a0-a0f7-4803-ab57-3609dfe6e344"
    }
  ],
  "botMessages": [
    {
      "channelContent": {
        "web": {
          "contentFormat": "Markdown",
          "content": "タイトルとサブタイトルを使用して、トピックを目立たせることができます。後で検索しやすくなります。 (ペン付きの A のような) 書式設定ボタンを選択し、タイトルを追加します。"
        }
      },
      "id": "b011daa6-fe24-4dfb-a17f-b2eb16913c4b",
      "createdTime": "2021-03-25T06:43:08.5591285Z",
      "updatedTime": "2021-03-25T06:43:08.5591285Z",
      "createdUserId": "93a3e0a0-a0f7-4803-ab57-3609dfe6e344",
      "updatedUserId": "93a3e0a0-a0f7-4803-ab57-3609dfe6e344"
    }
  ],
  "createdUtc": "0001-01-01T00:00:00Z"
}