{
  "intents": [
    {
      "triggerQueries": [
        "チームの設定はどこで変更できますか？"
      ],
      "dialogId": "new_topic_f2e9c549401a47a6b7835af7271b0ac2",
      "isTriggeringEnabled": true,
      "id": "new_topic_f2e9c549401a47a6b7835af7271b0ac2",
      "displayName": "チームの設定はどこで変更できますか？",
      "description": "https://adoptionbot-test.azurewebsites.net/adoptbot2021-Japanese.xlsx",
      "createdTime": "2021-03-25T06:43:08.5591285Z",
      "updatedTime": "2021-03-25T06:47:04.7267574Z",
      "createdUserId": "93a3e0a0-a0f7-4803-ab57-3609dfe6e344",
      "updatedUserId": "93a3e0a0-a0f7-4803-ab57-3609dfe6e344"
    }
  ],
  "dialogs": [
    {
      "rootNodeId": "87fd226c-9868-41d2-b9d0-9432c5c08d2d",
      "messageNodes": [
        {
          "botMessageId": "dd94a9da-2879-4a29-a605-a3c005c49f76",
          "nodeType": "BotMessageNode",
          "id": "87fd226c-9868-41d2-b9d0-9432c5c08d2d",
          "defaultTargetNodeId": "2e62c589-954d-48ce-8e5e-370df5182682"
        }
      ],
      "dialogChangeNodes": [
        {
          "targetDialogId": "new_topic_9215a13fa73a4559acc63305146a7bd8_aeabea4d071f415c8c107e1cb7af5424_assumedsuccess",
          "nodeType": "DialogChangeNode",
          "id": "2e62c589-954d-48ce-8e5e-370df5182682"
        }
      ],
      "id": "new_topic_f2e9c549401a47a6b7835af7271b0ac2",
      "displayName": "Dialog for チームの設定はどこで変更できますか？",
      "createdTime": "2021-03-25T06:43:08.5591285Z",
      "updatedTime": "2021-03-26T07:01:31.1737162Z",
      "createdUserId": "93a3e0a0-a0f7-4803-ab57-3609dfe6e344",
      "updatedUserId": "93a3e0a0-a0f7-4803-ab57-3609dfe6e344"
    }
  ],
  "botMessages": [
    {
      "channelContent": {
        "web": {
          "contentFormat": "Markdown",
          "content": "チーム名に移動して、**\\[その他のオプション\\] > \\[チームを管理\\]** をクリックします。 チームの \\[設定\\] から、以下の操作を行うことができます。\n\n*   チーム イメージの変更\n*   ユーザーのアクセス許可\n*   チャネルの @チーム メンションの有効化\n*   ユーザーによる GIF、絵文字、ステッカーの送信許可\n*   その他"
        }
      },
      "id": "dd94a9da-2879-4a29-a605-a3c005c49f76",
      "createdTime": "2021-03-25T06:43:08.5591285Z",
      "updatedTime": "2021-03-25T06:43:08.5591285Z",
      "createdUserId": "93a3e0a0-a0f7-4803-ab57-3609dfe6e344",
      "updatedUserId": "93a3e0a0-a0f7-4803-ab57-3609dfe6e344"
    }
  ],
  "createdUtc": "0001-01-01T00:00:00Z"
}