{
  "intents": [
    {
      "triggerQueries": [
        "携帯電話から Teams の会議に参加する方法は？"
      ],
      "dialogId": "new_topic_47858ed342ea44c680712a04f6457526",
      "isTriggeringEnabled": true,
      "id": "new_topic_47858ed342ea44c680712a04f6457526",
      "displayName": "携帯電話から Teams の会議に参加する方法は？",
      "description": "https://adoptionbot-test.azurewebsites.net/adoptbot2021-Japanese.xlsx",
      "createdTime": "2021-03-25T06:43:08.5581282Z",
      "updatedTime": "2021-03-25T06:57:58.5339744Z",
      "createdUserId": "93a3e0a0-a0f7-4803-ab57-3609dfe6e344",
      "updatedUserId": "93a3e0a0-a0f7-4803-ab57-3609dfe6e344"
    }
  ],
  "dialogs": [
    {
      "rootNodeId": "e7f2a8fd-1646-409f-979b-68cb6bdec299",
      "messageNodes": [
        {
          "botMessageId": "ee80a2cd-83bf-41f3-8dd5-017aa114db90",
          "nodeType": "BotMessageNode",
          "id": "e7f2a8fd-1646-409f-979b-68cb6bdec299",
          "defaultTargetNodeId": "8728b235-351f-4ea3-b749-274a6f1d36fb"
        }
      ],
      "dialogChangeNodes": [
        {
          "targetDialogId": "new_topic_9215a13fa73a4559acc63305146a7bd8_aeabea4d071f415c8c107e1cb7af5424_assumedsuccess",
          "nodeType": "DialogChangeNode",
          "id": "8728b235-351f-4ea3-b749-274a6f1d36fb"
        }
      ],
      "id": "new_topic_47858ed342ea44c680712a04f6457526",
      "displayName": "Dialog for 携帯電話から Teams の会議に参加する方法は？",
      "createdTime": "2021-03-25T06:43:08.5581282Z",
      "updatedTime": "2021-03-25T11:48:06.8680733Z",
      "createdUserId": "93a3e0a0-a0f7-4803-ab57-3609dfe6e344",
      "updatedUserId": "93a3e0a0-a0f7-4803-ab57-3609dfe6e344"
    }
  ],
  "botMessages": [
    {
      "channelContent": {
        "web": {
          "contentFormat": "Markdown",
          "content": "モバイル デバイスから、Teams アプリを開き、予定表をタップします。 次に、目的の会議の **\\[参加\\]** ボタンをクリックします。[その他のオプションについては、このリンクを参照してください。](https://support.microsoft.com/ja-jp/office/teams-%e3%81%a7%e3%81%ae%e4%bc%9a%e8%ad%b0%e3%81%ab%e5%8f%82%e5%8a%a0%e3%81%99%e3%82%8b-1613bb53-f3fa-431e-85a9-d6a91e3468c9?ui=ja-JP&rs=ja-JP&ad=JP#ID0EAACAAA=Mobil)"
        }
      },
      "id": "ee80a2cd-83bf-41f3-8dd5-017aa114db90",
      "createdTime": "2021-03-25T06:43:08.5581282Z",
      "updatedTime": "2021-03-25T06:43:08.5581282Z",
      "createdUserId": "93a3e0a0-a0f7-4803-ab57-3609dfe6e344",
      "updatedUserId": "93a3e0a0-a0f7-4803-ab57-3609dfe6e344"
    }
  ],
  "createdUtc": "0001-01-01T00:00:00Z"
}