{
  "intents": [
    {
      "triggerQueries": [
        "グループ チャットからユーザーを削除する方法は？"
      ],
      "dialogId": "new_topic_89f3b3bdcb954960baf17402f70d46e8",
      "isTriggeringEnabled": true,
      "id": "new_topic_89f3b3bdcb954960baf17402f70d46e8",
      "displayName": "グループ チャットからユーザーを削除する方法は？",
      "description": "https://adoptionbot-test.azurewebsites.net/adoptbot2021-Japanese.xlsx",
      "createdTime": "2021-03-25T06:43:08.5581282Z",
      "updatedTime": "2021-03-25T06:51:47.2206156Z",
      "createdUserId": "93a3e0a0-a0f7-4803-ab57-3609dfe6e344",
      "updatedUserId": "93a3e0a0-a0f7-4803-ab57-3609dfe6e344"
    }
  ],
  "dialogs": [
    {
      "rootNodeId": "607019bc-d101-453b-99dd-a87f43ba3560",
      "messageNodes": [
        {
          "botMessageId": "8c6c2132-bad1-4e12-aea6-1f08be7ca833",
          "nodeType": "BotMessageNode",
          "id": "607019bc-d101-453b-99dd-a87f43ba3560",
          "defaultTargetNodeId": "d99d1f7e-9505-48a6-8d6c-dd01f3d7e0e9"
        }
      ],
      "dialogChangeNodes": [
        {
          "targetDialogId": "new_topic_9215a13fa73a4559acc63305146a7bd8_aeabea4d071f415c8c107e1cb7af5424_assumedsuccess",
          "nodeType": "DialogChangeNode",
          "id": "d99d1f7e-9505-48a6-8d6c-dd01f3d7e0e9"
        }
      ],
      "id": "new_topic_89f3b3bdcb954960baf17402f70d46e8",
      "displayName": "Dialog for グループ チャットからユーザーを削除する方法は？",
      "createdTime": "2021-03-25T06:43:08.5581282Z",
      "updatedTime": "2021-03-26T04:13:09.443652Z",
      "createdUserId": "93a3e0a0-a0f7-4803-ab57-3609dfe6e344",
      "updatedUserId": "93a3e0a0-a0f7-4803-ab57-3609dfe6e344"
    }
  ],
  "botMessages": [
    {
      "channelContent": {
        "web": {
          "contentFormat": "Markdown",
          "content": "[グループチャットをユーザー自身が退出するか、グループ チャットから他の人を削除することができます。](https://support.microsoft.com/ja-jp/office/%e3%82%b0%e3%83%ab%e3%83%bc%e3%83%97-%e3%83%81%e3%83%a3%e3%83%83%e3%83%88%e3%82%92%e7%b5%82%e4%ba%86%e3%81%99%e3%82%8b%e3%81%8b%e3%80%81%e8%aa%b0%e3%81%8b%e3%82%92%e5%89%8a%e9%99%a4%e3%81%99%e3%82%8b-7db55a67-0ba4-4409-a399-5ed502a1d094?ui=ja-JP&rs=ja-JP&ad=JP)\n\n1.  3 人以上のグループ チャットを開きます。\n2.  メンバーの数をクリックし、削除するユーザーの上にカーソルを移動します。\n3.  **\\[X\\]** を選択し、チャットからユーザーが削除されたことを確認します。"
        }
      },
      "id": "8c6c2132-bad1-4e12-aea6-1f08be7ca833",
      "createdTime": "2021-03-25T06:43:08.5581282Z",
      "updatedTime": "2021-03-25T06:43:08.5581282Z",
      "createdUserId": "93a3e0a0-a0f7-4803-ab57-3609dfe6e344",
      "updatedUserId": "93a3e0a0-a0f7-4803-ab57-3609dfe6e344"
    }
  ],
  "createdUtc": "0001-01-01T00:00:00Z"
}