{
  "intents": [
    {
      "triggerQueries": [
        "チームを非表示にする方法は？"
      ],
      "dialogId": "new_topic_841238328dfb44be86ac3419fb0ed29e",
      "isTriggeringEnabled": true,
      "id": "new_topic_841238328dfb44be86ac3419fb0ed29e",
      "displayName": "チームを非表示にする方法は？",
      "description": "https://adoptionbot-test.azurewebsites.net/adoptbot2021-Japanese.xlsx",
      "createdTime": "2021-03-25T06:43:08.5581282Z",
      "updatedTime": "2021-03-25T06:54:37.8370256Z",
      "createdUserId": "93a3e0a0-a0f7-4803-ab57-3609dfe6e344",
      "updatedUserId": "93a3e0a0-a0f7-4803-ab57-3609dfe6e344"
    }
  ],
  "dialogs": [
    {
      "rootNodeId": "507c0276-9208-45d7-8cee-b0ac5d54a55c",
      "messageNodes": [
        {
          "botMessageId": "0bd5e8a6-acec-44f5-92e1-abe18709e933",
          "nodeType": "BotMessageNode",
          "id": "507c0276-9208-45d7-8cee-b0ac5d54a55c",
          "defaultTargetNodeId": "76312277-0fc6-438b-a670-76e3ff147752"
        }
      ],
      "dialogChangeNodes": [
        {
          "targetDialogId": "new_topic_9215a13fa73a4559acc63305146a7bd8_aeabea4d071f415c8c107e1cb7af5424_assumedsuccess",
          "nodeType": "DialogChangeNode",
          "id": "76312277-0fc6-438b-a670-76e3ff147752"
        }
      ],
      "id": "new_topic_841238328dfb44be86ac3419fb0ed29e",
      "displayName": "Dialog for チームを非表示にする方法は？",
      "createdTime": "2021-03-25T06:43:08.5581282Z",
      "updatedTime": "2021-03-26T01:50:59.7742291Z",
      "createdUserId": "93a3e0a0-a0f7-4803-ab57-3609dfe6e344",
      "updatedUserId": "93a3e0a0-a0f7-4803-ab57-3609dfe6e344"
    }
  ],
  "botMessages": [
    {
      "channelContent": {
        "web": {
          "contentFormat": "Markdown",
          "content": "チーム名を選択し、\\[**その他のオプション**\\] > \\[非表示\\] をクリックします。"
        }
      },
      "id": "0bd5e8a6-acec-44f5-92e1-abe18709e933",
      "createdTime": "2021-03-25T06:43:08.5581282Z",
      "updatedTime": "2021-03-25T06:43:08.5581282Z",
      "createdUserId": "93a3e0a0-a0f7-4803-ab57-3609dfe6e344",
      "updatedUserId": "93a3e0a0-a0f7-4803-ab57-3609dfe6e344"
    }
  ],
  "createdUtc": "0001-01-01T00:00:00Z"
}