{
  "intents": [
    {
      "triggerQueries": [
        "Teams とは何ですか？Teams で何ができますか？"
      ],
      "dialogId": "new_topic_a41ba0c87a7c4422a780e7f7888fe838",
      "isTriggeringEnabled": true,
      "id": "new_topic_a41ba0c87a7c4422a780e7f7888fe838",
      "displayName": "Teams とは何ですか？Teams で何ができますか？",
      "description": "https://adoptionbot-test.azurewebsites.net/adoptbot2021-Japanese.xlsx",
      "createdTime": "2021-03-25T06:43:08.5581282Z",
      "updatedTime": "2021-03-26T04:54:01.9374112Z",
      "createdUserId": "93a3e0a0-a0f7-4803-ab57-3609dfe6e344",
      "updatedUserId": "93a3e0a0-a0f7-4803-ab57-3609dfe6e344"
    }
  ],
  "dialogs": [
    {
      "rootNodeId": "de909706-1fcd-4905-b513-7d75d8303916",
      "messageNodes": [
        {
          "botMessageId": "3fb82675-89f9-44a8-bb42-42fd470de4a7",
          "nodeType": "BotMessageNode",
          "id": "de909706-1fcd-4905-b513-7d75d8303916",
          "defaultTargetNodeId": "9397b9e3-0011-46c3-9849-21e6d806967b"
        }
      ],
      "dialogChangeNodes": [
        {
          "targetDialogId": "new_topic_9215a13fa73a4559acc63305146a7bd8_aeabea4d071f415c8c107e1cb7af5424_assumedsuccess",
          "nodeType": "DialogChangeNode",
          "id": "9397b9e3-0011-46c3-9849-21e6d806967b"
        }
      ],
      "id": "new_topic_a41ba0c87a7c4422a780e7f7888fe838",
      "displayName": "Dialog for Teams とは何ですか？Teams で何ができますか？",
      "createdTime": "2021-03-25T06:43:08.5581282Z",
      "updatedTime": "2021-03-26T04:58:14.3601719Z",
      "createdUserId": "93a3e0a0-a0f7-4803-ab57-3609dfe6e344",
      "updatedUserId": "93a3e0a0-a0f7-4803-ab57-3609dfe6e344"
    }
  ],
  "botMessages": [
    {
      "channelContent": {
        "web": {
          "contentFormat": "Markdown",
          "content": "Microsoft Teams は、組織のための有益なコミュニケーションツールです。\n\nリアルタイムのコラボレーションとコミュニケーション、会議、ファイル、アプリ共有のためのワークスペース、絵文字 や GIF もすべてが1つの場所に存在し、誰もがアクセスできます。\n\nTeams は以下の様な場面で使用できます。\n\n*   テキスト、オーディオ、ビデオ、ファイル共有を含む最新のチャットを行います。\n*   [プライベートなチャット](https://support.microsoft.com/ja-jp/office/teams-%e3%81%a7%e3%83%81%e3%83%a3%e3%83%83%e3%83%88%e3%82%92%e9%96%8b%e5%a7%8b%e3%81%99%e3%82%8b-0c71b32b-c050-4930-a887-5afbe742b3d8?ui=ja-JP&rs=ja-JP&ad=JP) でアイデアを出し合い、 [組織全体と共有](https://support.microsoft.com/ja-jp/office/%e3%83%81%e3%83%bc%e3%83%a0%e3%81%a8%e3%83%81%e3%83%a3%e3%83%8d%e3%83%ab%e3%81%ab%e3%81%a4%e3%81%84%e3%81%a6-5e4fd702-85f5-48d7-ae14-98821a1f90d3?ui=ja-JP&rs=ja-JP&ad=JP)します。\n*   ファイルや書類などを [1 か所](https://support.microsoft.com/ja-jp/office/teams-%e3%81%a7%e3%83%95%e3%82%a1%e3%82%a4%e3%83%ab%e3%81%ae%e4%b8%80%e8%a6%a7%e3%82%92%e7%a2%ba%e8%aa%8d%e3%81%99%e3%82%8b-287ba970-2bdf-473d-a2da-76247ea4cf8f?ui=ja-JP&rs=ja-JP&ad=JP)にまとめます。\n*   Planner、Trello、GitHub、および多くの[お気に入りのアプリを統合](https://support.microsoft.com/ja-jp/office/microsoft-teams-%e3%81%ae%e3%82%a2%e3%83%97%e3%83%aa%e3%81%ab%e3%81%a4%e3%81%84%e3%81%a6%e7%9f%a5%e3%81%a3%e3%81%a6%e3%81%8a%e3%81%8f%e3%81%b9%e3%81%8d-5-%e3%81%a4%e3%81%ae%e3%81%93%e3%81%a8-747492ee-7cdd-4115-a993-8c7e7f98a3d0?ui=ja-JP&rs=ja-JP&ad=JP)します。"
        }
      },
      "id": "3fb82675-89f9-44a8-bb42-42fd470de4a7",
      "createdTime": "2021-03-25T06:43:08.5581282Z",
      "updatedTime": "2021-03-25T06:43:08.5581282Z",
      "createdUserId": "93a3e0a0-a0f7-4803-ab57-3609dfe6e344",
      "updatedUserId": "93a3e0a0-a0f7-4803-ab57-3609dfe6e344"
    }
  ],
  "createdUtc": "0001-01-01T00:00:00Z"
}