{
  "intents": [
    {
      "triggerQueries": [
        "ユーザーが会議に参加または退出すると、他の参加者に通知されますか？"
      ],
      "dialogId": "new_topic_e4ca0d134a3a4b459928fe622bdfd8a9",
      "isTriggeringEnabled": true,
      "id": "new_topic_e4ca0d134a3a4b459928fe622bdfd8a9",
      "displayName": "ユーザーが会議に参加または退出すると、他の参加者に通知されますか？",
      "description": "https://adoptionbot-test.azurewebsites.net/adoptbot2021-Japanese.xlsx",
      "createdTime": "2021-03-25T06:43:08.5581282Z",
      "updatedTime": "2021-03-25T06:55:54.8875229Z",
      "createdUserId": "93a3e0a0-a0f7-4803-ab57-3609dfe6e344",
      "updatedUserId": "93a3e0a0-a0f7-4803-ab57-3609dfe6e344"
    }
  ],
  "dialogs": [
    {
      "rootNodeId": "f6c5c908-3a4d-4f48-8589-041531d5789a",
      "messageNodes": [
        {
          "botMessageId": "94adabd8-cfe9-47ce-a6b1-52a66f87f498",
          "nodeType": "BotMessageNode",
          "id": "f6c5c908-3a4d-4f48-8589-041531d5789a",
          "defaultTargetNodeId": "9d59aee6-03f5-483d-ad00-6cc87cef4327"
        }
      ],
      "dialogChangeNodes": [
        {
          "targetDialogId": "new_topic_9215a13fa73a4559acc63305146a7bd8_aeabea4d071f415c8c107e1cb7af5424_assumedsuccess",
          "nodeType": "DialogChangeNode",
          "id": "9d59aee6-03f5-483d-ad00-6cc87cef4327"
        }
      ],
      "id": "new_topic_e4ca0d134a3a4b459928fe622bdfd8a9",
      "displayName": "Dialog for ユーザーが会議に参加または退出すると、他の参加者に通知されますか？",
      "createdTime": "2021-03-25T06:43:08.5581282Z",
      "updatedTime": "2021-03-26T01:17:56.1768207Z",
      "createdUserId": "93a3e0a0-a0f7-4803-ab57-3609dfe6e344",
      "updatedUserId": "93a3e0a0-a0f7-4803-ab57-3609dfe6e344"
    }
  ],
  "botMessages": [
    {
      "channelContent": {
        "web": {
          "contentFormat": "Markdown",
          "content": "既定では、ユーザーが接続すると他の参加者に通知されます。これらの設定を変更するには、「[Teams 会議の参加者の設定を変更する](https://support.microsoft.com/ja-jp/office/teams-%e4%bc%9a%e8%ad%b0%e3%81%ae%e5%8f%82%e5%8a%a0%e8%80%85%e3%81%ae%e8%a8%ad%e5%ae%9a%e3%82%92%e5%a4%89%e6%9b%b4%e3%81%99%e3%82%8b-53261366-dbd5-45f9-aae9-a70e6354f88e?ui=ja-JP&rs=ja-JP&ad=JP)」を参照してください。"
        }
      },
      "id": "94adabd8-cfe9-47ce-a6b1-52a66f87f498",
      "createdTime": "2021-03-25T06:43:08.5581282Z",
      "updatedTime": "2021-03-25T06:43:08.5581282Z",
      "createdUserId": "93a3e0a0-a0f7-4803-ab57-3609dfe6e344",
      "updatedUserId": "93a3e0a0-a0f7-4803-ab57-3609dfe6e344"
    }
  ],
  "createdUtc": "0001-01-01T00:00:00Z"
}