{
  "intents": [
    {
      "triggerQueries": [
        "モバイル デバイスで Teams のファイルを開くには？"
      ],
      "dialogId": "new_topic_23ed035c323f4926826fdd836009e543",
      "isTriggeringEnabled": true,
      "id": "new_topic_23ed035c323f4926826fdd836009e543",
      "displayName": "モバイル デバイスで Teams のファイルを開くには？",
      "description": "https://adoptionbot-test.azurewebsites.net/adoptbot2021-Japanese.xlsx",
      "createdTime": "2021-03-25T06:43:08.5581282Z",
      "updatedTime": "2021-03-25T06:53:11.703964Z",
      "createdUserId": "93a3e0a0-a0f7-4803-ab57-3609dfe6e344",
      "updatedUserId": "93a3e0a0-a0f7-4803-ab57-3609dfe6e344"
    }
  ],
  "dialogs": [
    {
      "rootNodeId": "802eef0b-ea42-4dd8-940c-a39a2d146c25",
      "messageNodes": [
        {
          "botMessageId": "63f9e452-136f-4714-873e-9e21f246bf27",
          "nodeType": "BotMessageNode",
          "id": "802eef0b-ea42-4dd8-940c-a39a2d146c25",
          "defaultTargetNodeId": "205b0f00-7d23-4d17-88fd-baa6e8891a2d"
        }
      ],
      "dialogChangeNodes": [
        {
          "targetDialogId": "new_topic_9215a13fa73a4559acc63305146a7bd8_aeabea4d071f415c8c107e1cb7af5424_assumedsuccess",
          "nodeType": "DialogChangeNode",
          "id": "205b0f00-7d23-4d17-88fd-baa6e8891a2d"
        }
      ],
      "id": "new_topic_23ed035c323f4926826fdd836009e543",
      "displayName": "Dialog for モバイル デバイスで Teams のファイルを開くには？",
      "createdTime": "2021-03-25T06:43:08.5581282Z",
      "updatedTime": "2021-03-25T06:43:08.5581282Z",
      "createdUserId": "93a3e0a0-a0f7-4803-ab57-3609dfe6e344",
      "updatedUserId": "93a3e0a0-a0f7-4803-ab57-3609dfe6e344"
    }
  ],
  "botMessages": [
    {
      "channelContent": {
        "web": {
          "contentFormat": "Markdown",
          "content": "Teams モバイル アプリからチャネルのファイルにアクセスする場合は、コピーを開いたり、他のユーザーに送信したりするオプションがあります。"
        }
      },
      "id": "63f9e452-136f-4714-873e-9e21f246bf27",
      "createdTime": "2021-03-25T06:43:08.5581282Z",
      "updatedTime": "2021-03-25T06:43:08.5581282Z",
      "createdUserId": "93a3e0a0-a0f7-4803-ab57-3609dfe6e344",
      "updatedUserId": "93a3e0a0-a0f7-4803-ab57-3609dfe6e344"
    }
  ],
  "createdUtc": "0001-01-01T00:00:00Z"
}