{
  "intents": [
    {
      "triggerQueries": [
        "Teams 会議の使い方は?"
      ],
      "dialogId": "new_topic_f3d55feae0634fe5810b98fa839c976c",
      "isTriggeringEnabled": true,
      "id": "new_topic_f3d55feae0634fe5810b98fa839c976c",
      "displayName": "Teams 会議の使い方は?",
      "description": "https://adoptionbot-test.azurewebsites.net/adoptbot2021-Japanese.xlsx",
      "createdTime": "2021-03-25T06:43:08.5581282Z",
      "updatedTime": "2021-03-25T06:55:59.1052758Z",
      "createdUserId": "93a3e0a0-a0f7-4803-ab57-3609dfe6e344",
      "updatedUserId": "93a3e0a0-a0f7-4803-ab57-3609dfe6e344"
    }
  ],
  "dialogs": [
    {
      "rootNodeId": "de89bbb9-12e4-4398-b3bb-3f2bd23edcee",
      "messageNodes": [
        {
          "botMessageId": "24ec570c-39b9-46b5-abd0-d56e58cb085c",
          "nodeType": "BotMessageNode",
          "id": "de89bbb9-12e4-4398-b3bb-3f2bd23edcee",
          "defaultTargetNodeId": "ec55b844-a395-4e81-ba34-858df321de8b"
        }
      ],
      "dialogChangeNodes": [
        {
          "targetDialogId": "new_topic_9215a13fa73a4559acc63305146a7bd8_aeabea4d071f415c8c107e1cb7af5424_assumedsuccess",
          "nodeType": "DialogChangeNode",
          "id": "ec55b844-a395-4e81-ba34-858df321de8b"
        }
      ],
      "id": "new_topic_f3d55feae0634fe5810b98fa839c976c",
      "displayName": "Dialog for Teams 会議の使い方は?",
      "createdTime": "2021-03-25T06:43:08.5581282Z",
      "updatedTime": "2021-03-26T01:14:51.1268131Z",
      "createdUserId": "93a3e0a0-a0f7-4803-ab57-3609dfe6e344",
      "updatedUserId": "93a3e0a0-a0f7-4803-ab57-3609dfe6e344"
    }
  ],
  "botMessages": [
    {
      "channelContent": {
        "web": {
          "contentFormat": "Markdown",
          "content": "Microsoft Teams の簡単な使い方は、[こちら](https://support.microsoft.com/ja-jp/office/%e3%82%88%e3%82%8a%e8%89%af%e3%81%84%e4%bc%9a%e8%ad%b0%e3%81%ae%e3%81%9f%e3%82%81%e3%81%ae%e3%83%92%e3%83%b3%e3%83%88-80640ac4-b009-42ea-abcb-660e729e63e5?ui=ja-JP&rs=ja-JP&ad=JP)を参照してください。"
        }
      },
      "id": "24ec570c-39b9-46b5-abd0-d56e58cb085c",
      "createdTime": "2021-03-25T06:43:08.5581282Z",
      "updatedTime": "2021-03-25T06:43:08.5581282Z",
      "createdUserId": "93a3e0a0-a0f7-4803-ab57-3609dfe6e344",
      "updatedUserId": "93a3e0a0-a0f7-4803-ab57-3609dfe6e344"
    }
  ],
  "createdUtc": "0001-01-01T00:00:00Z"
}