{
  "intents": [
    {
      "triggerQueries": [
        "Teams での会議の記録は？"
      ],
      "dialogId": "new_topic_7fd949d37a534e66a3952b3ce8951673",
      "isTriggeringEnabled": true,
      "id": "new_topic_7fd949d37a534e66a3952b3ce8951673",
      "displayName": "Teams での会議の記録は？",
      "description": "https://adoptionbot-test.azurewebsites.net/adoptbot2021-Japanese.xlsx",
      "createdTime": "2021-03-25T06:43:08.5591285Z",
      "updatedTime": "2021-03-25T06:49:05.44999Z",
      "createdUserId": "93a3e0a0-a0f7-4803-ab57-3609dfe6e344",
      "updatedUserId": "93a3e0a0-a0f7-4803-ab57-3609dfe6e344"
    }
  ],
  "dialogs": [
    {
      "rootNodeId": "80dc1225-6acf-4727-8e8d-c4df5695f9af",
      "messageNodes": [
        {
          "botMessageId": "d890df67-aca1-45ce-9801-76189718c77c",
          "nodeType": "BotMessageNode",
          "id": "80dc1225-6acf-4727-8e8d-c4df5695f9af",
          "defaultTargetNodeId": "651bd34e-21d6-4773-98a9-a0116d819eba"
        }
      ],
      "dialogChangeNodes": [
        {
          "targetDialogId": "new_topic_9215a13fa73a4559acc63305146a7bd8_aeabea4d071f415c8c107e1cb7af5424_assumedsuccess",
          "nodeType": "DialogChangeNode",
          "id": "651bd34e-21d6-4773-98a9-a0116d819eba"
        }
      ],
      "id": "new_topic_7fd949d37a534e66a3952b3ce8951673",
      "displayName": "Dialog for Teams での会議の記録は？",
      "createdTime": "2021-03-25T06:43:08.5591285Z",
      "updatedTime": "2021-03-26T06:38:34.2400187Z",
      "createdUserId": "93a3e0a0-a0f7-4803-ab57-3609dfe6e344",
      "updatedUserId": "93a3e0a0-a0f7-4803-ab57-3609dfe6e344"
    }
  ],
  "botMessages": [
    {
      "channelContent": {
        "web": {
          "contentFormat": "Markdown",
          "content": "Microsoft Teams では、ユーザーは Teams の会議やグループ通話を記録して、音声、ビデオ、および画面共有アクティビティをキャプチャできます。 また、録音に自動文字起こしを使用するオプションもあります。 これにより、ユーザーは字幕付きの会議記録を再生し、トランスクリプト内の重要な議論の項目を検索できます。\n\n注意：記録は手動で開始する必要があります。 そうしないと、チャットで共有される情報以外、Teams 会議には何も保存されません。\n\n詳細については、この記事を参照してください：[Teams のクラウド会議のレコーディング](https://docs.microsoft.com/ja-jp/microsoftteams/cloud-recording#:~:text=Teams%20cloud%20meeting%20recording%201%20Prerequisites%20for%20Teams,4%20Compliance%20and%20eDiscovery%20for%20meeting%20recordings.%20)"
        }
      },
      "id": "d890df67-aca1-45ce-9801-76189718c77c",
      "createdTime": "2021-03-25T06:43:08.5591285Z",
      "updatedTime": "2021-03-25T06:43:08.5591285Z",
      "createdUserId": "93a3e0a0-a0f7-4803-ab57-3609dfe6e344",
      "updatedUserId": "93a3e0a0-a0f7-4803-ab57-3609dfe6e344"
    }
  ],
  "createdUtc": "0001-01-01T00:00:00Z"
}