{
  "intents": [
    {
      "triggerQueries": [
        "非表示のチャネルを表示する方法は？"
      ],
      "dialogId": "new_topic_9eeebe26bf034c0280e611e88e51212d",
      "isTriggeringEnabled": true,
      "id": "new_topic_9eeebe26bf034c0280e611e88e51212d",
      "displayName": "非表示のチャネルを表示する方法は？",
      "description": "https://adoptionbot-test.azurewebsites.net/adoptbot2021-Japanese.xlsx",
      "createdTime": "2021-03-25T06:43:08.5581282Z",
      "updatedTime": "2021-03-25T06:55:08.8856519Z",
      "createdUserId": "93a3e0a0-a0f7-4803-ab57-3609dfe6e344",
      "updatedUserId": "93a3e0a0-a0f7-4803-ab57-3609dfe6e344"
    }
  ],
  "dialogs": [
    {
      "rootNodeId": "da3ebc01-ded0-45d8-9287-b7b10b829563",
      "messageNodes": [
        {
          "botMessageId": "e014e33d-eceb-4a62-8830-3deb08ce934e",
          "nodeType": "BotMessageNode",
          "id": "da3ebc01-ded0-45d8-9287-b7b10b829563",
          "defaultTargetNodeId": "99786abf-cc19-4a0b-af6a-74867972fc0c"
        }
      ],
      "dialogChangeNodes": [
        {
          "targetDialogId": "new_topic_9215a13fa73a4559acc63305146a7bd8_aeabea4d071f415c8c107e1cb7af5424_assumedsuccess",
          "nodeType": "DialogChangeNode",
          "id": "99786abf-cc19-4a0b-af6a-74867972fc0c"
        }
      ],
      "id": "new_topic_9eeebe26bf034c0280e611e88e51212d",
      "displayName": "Dialog for 非表示のチャネルを表示する方法は？",
      "createdTime": "2021-03-25T06:43:08.5581282Z",
      "updatedTime": "2021-03-25T06:43:08.5581282Z",
      "createdUserId": "93a3e0a0-a0f7-4803-ab57-3609dfe6e344",
      "updatedUserId": "93a3e0a0-a0f7-4803-ab57-3609dfe6e344"
    }
  ],
  "botMessages": [
    {
      "channelContent": {
        "web": {
          "contentFormat": "Markdown",
          "content": "チーム名を選択し、[非表示のチャネル] をクリックします。 リストに表示されるチャネルで [表示] を選択します。"
        }
      },
      "id": "e014e33d-eceb-4a62-8830-3deb08ce934e",
      "createdTime": "2021-03-25T06:43:08.5581282Z",
      "updatedTime": "2021-03-25T06:43:08.5581282Z",
      "createdUserId": "93a3e0a0-a0f7-4803-ab57-3609dfe6e344",
      "updatedUserId": "93a3e0a0-a0f7-4803-ab57-3609dfe6e344"
    }
  ],
  "createdUtc": "0001-01-01T00:00:00Z"
}