{
  "intents": [
    {
      "triggerQueries": [
        "ゲストをチームに参加させる方法は？"
      ],
      "dialogId": "new_topic_89149d858fb54a3f83920cca4df9e4de",
      "isTriggeringEnabled": true,
      "id": "new_topic_89149d858fb54a3f83920cca4df9e4de",
      "displayName": "ゲストをチームに参加させる方法は？",
      "description": "https://adoptionbot-test.azurewebsites.net/adoptbot2021-Japanese.xlsx",
      "createdTime": "2021-03-25T06:43:08.5591285Z",
      "updatedTime": "2021-03-25T06:48:32.5195988Z",
      "createdUserId": "93a3e0a0-a0f7-4803-ab57-3609dfe6e344",
      "updatedUserId": "93a3e0a0-a0f7-4803-ab57-3609dfe6e344"
    }
  ],
  "dialogs": [
    {
      "rootNodeId": "94cb6662-4590-4f7b-91d5-4bfd160fb643",
      "messageNodes": [
        {
          "botMessageId": "e8b4448e-8369-4e1f-a0f0-ec097fae700e",
          "nodeType": "BotMessageNode",
          "id": "94cb6662-4590-4f7b-91d5-4bfd160fb643",
          "defaultTargetNodeId": "c1d2a159-2006-43ac-9167-234742f22d5b"
        }
      ],
      "dialogChangeNodes": [
        {
          "targetDialogId": "new_topic_9215a13fa73a4559acc63305146a7bd8_aeabea4d071f415c8c107e1cb7af5424_assumedsuccess",
          "nodeType": "DialogChangeNode",
          "id": "c1d2a159-2006-43ac-9167-234742f22d5b"
        }
      ],
      "id": "new_topic_89149d858fb54a3f83920cca4df9e4de",
      "displayName": "Dialog for ゲストをチームに参加させる方法は？",
      "createdTime": "2021-03-25T06:43:08.5591285Z",
      "updatedTime": "2021-03-26T06:53:13.663703Z",
      "createdUserId": "93a3e0a0-a0f7-4803-ab57-3609dfe6e344",
      "updatedUserId": "93a3e0a0-a0f7-4803-ab57-3609dfe6e344"
    }
  ],
  "botMessages": [
    {
      "channelContent": {
        "web": {
          "contentFormat": "Markdown",
          "content": "Teams でチームにゲストを追加するには：Teams を選択し、チームのリストでチームに移動します。 **\\[その他のオプション\\] > \\[メンバーを追加\\]**を選択します。 ゲストのメールアドレスを入力します。"
        }
      },
      "id": "e8b4448e-8369-4e1f-a0f0-ec097fae700e",
      "createdTime": "2021-03-25T06:43:08.5591285Z",
      "updatedTime": "2021-03-25T06:43:08.5591285Z",
      "createdUserId": "93a3e0a0-a0f7-4803-ab57-3609dfe6e344",
      "updatedUserId": "93a3e0a0-a0f7-4803-ab57-3609dfe6e344"
    }
  ],
  "createdUtc": "0001-01-01T00:00:00Z"
}