{
  "intents": [
    {
      "triggerQueries": [
        "Teams 会議用の Outlook アドインはどこにありますか？"
      ],
      "dialogId": "new_topic_fe9406f32dcf45bd82c5c9c7a9e6693c",
      "isTriggeringEnabled": true,
      "id": "new_topic_fe9406f32dcf45bd82c5c9c7a9e6693c",
      "displayName": "Teams 会議用の Outlook アドインはどこにありますか？",
      "description": "https://adoptionbot-test.azurewebsites.net/adoptbot2021-Japanese.xlsx",
      "createdTime": "2021-03-25T06:43:08.5591285Z",
      "updatedTime": "2021-03-25T06:48:45.9183463Z",
      "createdUserId": "93a3e0a0-a0f7-4803-ab57-3609dfe6e344",
      "updatedUserId": "93a3e0a0-a0f7-4803-ab57-3609dfe6e344"
    }
  ],
  "dialogs": [
    {
      "rootNodeId": "a3517766-720d-4674-a544-fcef9481664f",
      "messageNodes": [
        {
          "botMessageId": "8acf9d6f-4786-4a0e-a401-962c29ac0636",
          "nodeType": "BotMessageNode",
          "id": "a3517766-720d-4674-a544-fcef9481664f",
          "defaultTargetNodeId": "63f76ffd-8029-4c37-bd5f-a9b7c3a4808b"
        }
      ],
      "dialogChangeNodes": [
        {
          "targetDialogId": "new_topic_9215a13fa73a4559acc63305146a7bd8_aeabea4d071f415c8c107e1cb7af5424_assumedsuccess",
          "nodeType": "DialogChangeNode",
          "id": "63f76ffd-8029-4c37-bd5f-a9b7c3a4808b"
        }
      ],
      "id": "new_topic_fe9406f32dcf45bd82c5c9c7a9e6693c",
      "displayName": "Dialog for Teams 会議用の Outlook アドインはどこにありますか？",
      "createdTime": "2021-03-25T06:43:08.5591285Z",
      "updatedTime": "2021-03-26T06:46:08.5645741Z",
      "createdUserId": "93a3e0a0-a0f7-4803-ab57-3609dfe6e344",
      "updatedUserId": "93a3e0a0-a0f7-4803-ab57-3609dfe6e344"
    }
  ],
  "botMessages": [
    {
      "channelContent": {
        "web": {
          "contentFormat": "Markdown",
          "content": "Teams 会議 アドインは、Microsoft Teams の他に、Office 2013、Office 2016、または Office 2019 のいずれかが Windows PC にインストールされているユーザーに、自動的にインストールされます。 ユーザーの Outlook 予定表のリボンに Teams 会議の 「アドイン」 が表示されます。\n\n[Outlook で Teams の会議アドインを使用する](https://docs.microsoft.com/ja-jp/microsoftteams/teams-add-in-for-outlook)\n\nOutlook on the web では、ユーザーが招待されると Teams 会議が自動的に作成されます（無効にすることができます）。"
        }
      },
      "id": "8acf9d6f-4786-4a0e-a401-962c29ac0636",
      "createdTime": "2021-03-25T06:43:08.5591285Z",
      "updatedTime": "2021-03-25T06:43:08.5591285Z",
      "createdUserId": "93a3e0a0-a0f7-4803-ab57-3609dfe6e344",
      "updatedUserId": "93a3e0a0-a0f7-4803-ab57-3609dfe6e344"
    }
  ],
  "createdUtc": "0001-01-01T00:00:00Z"
}