{
  "intents": [
    {
      "triggerQueries": [
        "Teams の外部ユーザーとチャットできますか？"
      ],
      "dialogId": "new_topic_7f4fbc60009b4af1a35c5faa9eea3964",
      "isTriggeringEnabled": true,
      "id": "new_topic_7f4fbc60009b4af1a35c5faa9eea3964",
      "displayName": "Teams の外部ユーザーとチャットできますか？",
      "description": "https://adoptionbot-test.azurewebsites.net/adoptbot2021-Japanese.xlsx",
      "createdTime": "2021-03-25T06:43:08.5591285Z",
      "updatedTime": "2021-03-25T06:50:21.3637508Z",
      "createdUserId": "93a3e0a0-a0f7-4803-ab57-3609dfe6e344",
      "updatedUserId": "93a3e0a0-a0f7-4803-ab57-3609dfe6e344"
    }
  ],
  "dialogs": [
    {
      "rootNodeId": "70f43f1e-975c-411e-a959-bd081391aed0",
      "messageNodes": [
        {
          "botMessageId": "70598552-2fd8-48b7-bd4d-93de4d275be9",
          "nodeType": "BotMessageNode",
          "id": "70f43f1e-975c-411e-a959-bd081391aed0",
          "defaultTargetNodeId": "a2e4c6fe-8533-4dc2-be3e-4ac81ae1f7f0"
        }
      ],
      "dialogChangeNodes": [
        {
          "targetDialogId": "new_topic_9215a13fa73a4559acc63305146a7bd8_aeabea4d071f415c8c107e1cb7af5424_assumedsuccess",
          "nodeType": "DialogChangeNode",
          "id": "a2e4c6fe-8533-4dc2-be3e-4ac81ae1f7f0"
        }
      ],
      "id": "new_topic_7f4fbc60009b4af1a35c5faa9eea3964",
      "displayName": "Dialog for Teams の外部ユーザーとチャットできますか？",
      "createdTime": "2021-03-25T06:43:08.5591285Z",
      "updatedTime": "2021-03-26T06:11:29.7692634Z",
      "createdUserId": "93a3e0a0-a0f7-4803-ab57-3609dfe6e344",
      "updatedUserId": "93a3e0a0-a0f7-4803-ab57-3609dfe6e344"
    }
  ],
  "botMessages": [
    {
      "channelContent": {
        "web": {
          "contentFormat": "Markdown",
          "content": "組織外のユーザーとの通信と共同作業が必要な場合は、Microsoft Teams での外部アクセス (フェデレーションとも呼ばれます) を使用して、他のドメイン (contoso.com など) のユーザーを検索、通話、およびチャットできます。\n\nTeams の検索バーで外部ユーザーの電子メールを入力してみます。 相手が表示された場合は、外部アドレスを選択してチャットを試してみてください。\n\n_注意：各組織で特定のオプションを有効にする必要があります。_\n\n[_Microsoft Teams の別の組織のユーザーと通信する_](https://docs.microsoft.com/ja-jp/microsoftteams/communicate-with-users-from-other-organizations)"
        }
      },
      "id": "70598552-2fd8-48b7-bd4d-93de4d275be9",
      "createdTime": "2021-03-25T06:43:08.5591285Z",
      "updatedTime": "2021-03-25T06:43:08.5591285Z",
      "createdUserId": "93a3e0a0-a0f7-4803-ab57-3609dfe6e344",
      "updatedUserId": "93a3e0a0-a0f7-4803-ab57-3609dfe6e344"
    }
  ],
  "createdUtc": "0001-01-01T00:00:00Z"
}