{
  "intents": [
    {
      "triggerQueries": [
        "Teams のチャネル間でファイルを移動する方法は？"
      ],
      "dialogId": "new_topic_6c2cc6bd9be9403d85d809ece1fafc22",
      "isTriggeringEnabled": true,
      "id": "new_topic_6c2cc6bd9be9403d85d809ece1fafc22",
      "displayName": "Teams のチャネル間でファイルを移動する方法は？",
      "description": "https://adoptionbot-test.azurewebsites.net/adoptbot2021-Japanese.xlsx",
      "createdTime": "2021-03-25T06:43:08.5591285Z",
      "updatedTime": "2021-03-25T06:49:42.92481Z",
      "createdUserId": "93a3e0a0-a0f7-4803-ab57-3609dfe6e344",
      "updatedUserId": "93a3e0a0-a0f7-4803-ab57-3609dfe6e344"
    }
  ],
  "dialogs": [
    {
      "rootNodeId": "d113d36e-76ad-4606-9985-f2ae9eae1980",
      "messageNodes": [
        {
          "botMessageId": "3c9bac61-a245-448b-9e15-84378238d565",
          "nodeType": "BotMessageNode",
          "id": "d113d36e-76ad-4606-9985-f2ae9eae1980",
          "defaultTargetNodeId": "ca4ca3ed-b67e-4844-bfd2-0948e5fbdc87"
        }
      ],
      "dialogChangeNodes": [
        {
          "targetDialogId": "new_topic_9215a13fa73a4559acc63305146a7bd8_aeabea4d071f415c8c107e1cb7af5424_assumedsuccess",
          "nodeType": "DialogChangeNode",
          "id": "ca4ca3ed-b67e-4844-bfd2-0948e5fbdc87"
        }
      ],
      "id": "new_topic_6c2cc6bd9be9403d85d809ece1fafc22",
      "displayName": "Dialog for Teams のチャネル間でファイルを移動する方法は？",
      "createdTime": "2021-03-25T06:43:08.5591285Z",
      "updatedTime": "2021-03-26T06:30:57.5327276Z",
      "createdUserId": "93a3e0a0-a0f7-4803-ab57-3609dfe6e344",
      "updatedUserId": "93a3e0a0-a0f7-4803-ab57-3609dfe6e344"
    }
  ],
  "botMessages": [
    {
      "channelContent": {
        "web": {
          "contentFormat": "Markdown",
          "content": "それぞれのチャネルの \\[ファイル\\] タブからファイルを移動することができます。\n\n手順を確認する場合は、こちらを参照してください：[Teams でファイルを移動またはコピーする](https://support.microsoft.com/ja-jp/office/teams-%e3%81%a7%e3%83%95%e3%82%a1%e3%82%a4%e3%83%ab%e3%82%92%e7%a7%bb%e5%8b%95%e3%81%be%e3%81%9f%e3%81%af%e3%82%b3%e3%83%94%e3%83%bc%e3%81%99%e3%82%8b-f83ed547-359b-4fc8-bf5a-60467f53dd60?ui=ja-JP&rs=ja-JP&ad=JP)"
        }
      },
      "id": "3c9bac61-a245-448b-9e15-84378238d565",
      "createdTime": "2021-03-25T06:43:08.5591285Z",
      "updatedTime": "2021-03-25T06:43:08.5591285Z",
      "createdUserId": "93a3e0a0-a0f7-4803-ab57-3609dfe6e344",
      "updatedUserId": "93a3e0a0-a0f7-4803-ab57-3609dfe6e344"
    }
  ],
  "createdUtc": "0001-01-01T00:00:00Z"
}