{
  "intents": [
    {
      "triggerQueries": [
        "ゲストのアクセス許可を変更する方法は？"
      ],
      "dialogId": "new_topic_deb3002270844a11b08d065d0ca15ffc",
      "isTriggeringEnabled": true,
      "id": "new_topic_deb3002270844a11b08d065d0ca15ffc",
      "displayName": "ゲストのアクセス許可を変更する方法は？",
      "description": "https://adoptionbot-test.azurewebsites.net/adoptbot2021-Japanese.xlsx",
      "createdTime": "2021-03-25T06:43:08.5581282Z",
      "updatedTime": "2021-03-25T06:52:24.9334204Z",
      "createdUserId": "93a3e0a0-a0f7-4803-ab57-3609dfe6e344",
      "updatedUserId": "93a3e0a0-a0f7-4803-ab57-3609dfe6e344"
    }
  ],
  "dialogs": [
    {
      "rootNodeId": "7b63d93a-1197-41c5-b1bc-b6baa1fe070f",
      "messageNodes": [
        {
          "botMessageId": "3124a8d2-71a9-4dec-9911-6f18dce15d84",
          "nodeType": "BotMessageNode",
          "id": "7b63d93a-1197-41c5-b1bc-b6baa1fe070f",
          "defaultTargetNodeId": "38f3f63e-6798-415b-9f28-56dd8c9873ab"
        }
      ],
      "dialogChangeNodes": [
        {
          "targetDialogId": "new_topic_9215a13fa73a4559acc63305146a7bd8_aeabea4d071f415c8c107e1cb7af5424_assumedsuccess",
          "nodeType": "DialogChangeNode",
          "id": "38f3f63e-6798-415b-9f28-56dd8c9873ab"
        }
      ],
      "id": "new_topic_deb3002270844a11b08d065d0ca15ffc",
      "displayName": "Dialog for ゲストのアクセス許可を変更する方法は？",
      "createdTime": "2021-03-25T06:43:08.5581282Z",
      "updatedTime": "2021-03-26T04:04:36.9356827Z",
      "createdUserId": "93a3e0a0-a0f7-4803-ab57-3609dfe6e344",
      "updatedUserId": "93a3e0a0-a0f7-4803-ab57-3609dfe6e344"
    }
  ],
  "botMessages": [
    {
      "channelContent": {
        "web": {
          "contentFormat": "Markdown",
          "content": "チームの所有者の場合は、チーム名に移動して **\\[その他のオプション\\]** をクリックし、**\\[チームを管理\\]** をクリックすると、ゲストのアクセス許可の設定を変更できます。\n\n**\\[設定\\]** タブで、**\\[ゲストのアクセス許可\\]** をクリックします。\n\n[Teams でゲストができること](https://support.microsoft.com/ja-jp/office/teams-%e3%81%ae%e3%83%81%e3%83%bc%e3%83%a0%e6%89%80%e6%9c%89%e8%80%85%e3%80%81%e3%83%a1%e3%83%b3%e3%83%90%e3%83%bc%e3%80%81%e3%81%8a%e3%82%88%e3%81%b3%e3%82%b2%e3%82%b9%e3%83%88%e6%a9%9f%e8%83%bd-d03fdf5b-1a6e-48e4-8e07-b13e1350ec7b?ui=ja-JP&rs=ja-JP&ad=JP)を確認してください。"
        }
      },
      "id": "3124a8d2-71a9-4dec-9911-6f18dce15d84",
      "createdTime": "2021-03-25T06:43:08.5581282Z",
      "updatedTime": "2021-03-25T06:43:08.5581282Z",
      "createdUserId": "93a3e0a0-a0f7-4803-ab57-3609dfe6e344",
      "updatedUserId": "93a3e0a0-a0f7-4803-ab57-3609dfe6e344"
    }
  ],
  "createdUtc": "0001-01-01T00:00:00Z"
}