<botcomponent schemaname="new_topic_9215a13fa73a4559acc63305146a7bd8_33d5123770ba4daeafae51b361ddc80a">
  <componenttype>0</componenttype>
  <description>レッスン 1 - このレッスンでは、1 つの条件付きブランチで単純なトピックを作成する方法を説明します。

次のいくつかのレッスンでは、変数、条件、エンティティを追加し定義する方法を説明します。

Power Virtual Agentsにようこそ!</description>
  <iscustomizable>1</iscustomizable>
  <name>レッスン 1 - 簡単なトピック</name>
  <statecode>0</statecode>
  <statuscode>1</statuscode>
</botcomponent>