{
  "intents": [
    {
      "triggerQueries": [
        "閉店時間",
        "開店時間",
        "店舗営業時間",
        "通常の営業時間"
      ],
      "dialogId": "new_topic_9215a13fa73a4559acc63305146a7bd8_33d5123770ba4daeafae51b361ddc80a",
      "isTriggeringEnabled": true,
      "canTriggeringBeDisabled": true,
      "id": "new_topic_9215a13fa73a4559acc63305146a7bd8_33d5123770ba4daeafae51b361ddc80a",
      "displayName": "レッスン 1 - 簡単なトピック",
      "description": "レッスン 1 - このレッスンでは、1 つの条件付きブランチで単純なトピックを作成する方法を説明します。\n\n次のいくつかのレッスンでは、変数、条件、エンティティを追加し定義する方法を説明します。\n\nPower Virtual Agentsにようこそ!",
      "createdTime": "2019-01-15T00:00:00Z",
      "updatedTime": "2021-03-19T00:59:03.7326162Z",
      "createdUserId": "user0",
      "updatedUserId": "93a3e0a0-a0f7-4803-ab57-3609dfe6e344",
      "versionNumber": 0,
      "componentId": "00000000-0000-0000-0000-000000000000"
    }
  ],
  "dialogs": [
    {
      "rootNodeId": "e901982c-a22d-4074-b8c7-f7842977a047",
      "messageNodes": [
        {
          "botMessageId": "159e7c92-8871-41a0-a739-9f67085f995f",
          "nodeType": "BotMessageNode",
          "id": "e901982c-a22d-4074-b8c7-f7842977a047",
          "defaultTargetNodeId": "1f6c0946-4d56-4714-96f5-15e2247e953b"
        },
        {
          "botMessageId": "614e2fa3-2cf0-42e3-a2eb-18f9fb274ee6",
          "nodeType": "BotMessageNode",
          "id": "1f6c0946-4d56-4714-96f5-15e2247e953b",
          "defaultTargetNodeId": "6e127cd1-99ff-4c5e-8f3e-9ae93c0d4777"
        }
      ],
      "dialogChangeNodes": [
        {
          "targetDialogId": "new_topic_9215a13fa73a4559acc63305146a7bd8_aeabea4d071f415c8c107e1cb7af5424_assumedsuccess",
          "nodeType": "DialogChangeNode",
          "id": "6e127cd1-99ff-4c5e-8f3e-9ae93c0d4777"
        }
      ],
      "id": "new_topic_9215a13fa73a4559acc63305146a7bd8_33d5123770ba4daeafae51b361ddc80a",
      "displayName": "ダイアログ",
      "createdTime": "2019-01-15T00:00:00Z",
      "updatedTime": "2021-03-19T00:59:03.7326162Z",
      "createdUserId": "user0",
      "updatedUserId": "93a3e0a0-a0f7-4803-ab57-3609dfe6e344",
      "versionNumber": 0,
      "componentId": "00000000-0000-0000-0000-000000000000"
    }
  ],
  "botMessages": [
    {
      "channelContent": {
        "web": {
          "contentFormat": "Markdown",
          "content": "営業時間をお知らせします。"
        }
      },
      "id": "159e7c92-8871-41a0-a739-9f67085f995f",
      "createdTime": "2019-01-15T00:00:00Z",
      "updatedTime": "2021-03-19T00:59:03.7326162Z",
      "createdUserId": "user0",
      "updatedUserId": "93a3e0a0-a0f7-4803-ab57-3609dfe6e344",
      "versionNumber": 0,
      "componentId": "00000000-0000-0000-0000-000000000000"
    },
    {
      "channelContent": {
        "web": {
          "contentFormat": "Markdown",
          "content": "東京店の営業時間: \n\n*   月曜日から金曜日: 午前 9 時～午後 6 時\n*   土曜日: 午前 10 時～午後 4 時\n*   日曜日: 休店\n\n京都店の営業時間: \n\n*   月曜日から金曜日: 午前 9 時～午後 6 時\n*   土曜日と日曜日: 午前 10 時～午後 4 時"
        }
      },
      "id": "614e2fa3-2cf0-42e3-a2eb-18f9fb274ee6",
      "createdTime": "2019-10-24T04:02:13.435Z",
      "updatedTime": "2021-03-19T00:59:03.7326162Z",
      "createdUserId": "user0",
      "updatedUserId": "93a3e0a0-a0f7-4803-ab57-3609dfe6e344",
      "versionNumber": 0,
      "componentId": "00000000-0000-0000-0000-000000000000"
    }
  ],
  "createdUtc": "0001-01-01T00:00:00Z"
}