{
  "intents": [
    {
      "triggerQueries": [
        "Teams で Planner を使用できますか？"
      ],
      "dialogId": "new_topic_a9b58d65b23244c48ae25d4dafc00a44",
      "isTriggeringEnabled": true,
      "id": "new_topic_a9b58d65b23244c48ae25d4dafc00a44",
      "displayName": "Teams で Planner を使用できますか？",
      "description": "https://adoptionbot-test.azurewebsites.net/adoptbot2021-Japanese.xlsx",
      "createdTime": "2021-03-25T06:43:08.5581282Z",
      "updatedTime": "2021-03-25T06:52:55.1125149Z",
      "createdUserId": "93a3e0a0-a0f7-4803-ab57-3609dfe6e344",
      "updatedUserId": "93a3e0a0-a0f7-4803-ab57-3609dfe6e344"
    }
  ],
  "dialogs": [
    {
      "rootNodeId": "95afc67c-e50b-4cf3-b5c0-855969d81f48",
      "messageNodes": [
        {
          "botMessageId": "762a1044-8822-462f-b7ca-6c8dfb9f7cfa",
          "nodeType": "BotMessageNode",
          "id": "95afc67c-e50b-4cf3-b5c0-855969d81f48",
          "defaultTargetNodeId": "9097b0d2-1054-4805-83f6-95d7a0ff9ec4"
        }
      ],
      "dialogChangeNodes": [
        {
          "targetDialogId": "new_topic_9215a13fa73a4559acc63305146a7bd8_aeabea4d071f415c8c107e1cb7af5424_assumedsuccess",
          "nodeType": "DialogChangeNode",
          "id": "9097b0d2-1054-4805-83f6-95d7a0ff9ec4"
        }
      ],
      "id": "new_topic_a9b58d65b23244c48ae25d4dafc00a44",
      "displayName": "Dialog for Teams で Planner を使用できますか？",
      "createdTime": "2021-03-25T06:43:08.5581282Z",
      "updatedTime": "2021-03-26T02:49:32.3413972Z",
      "createdUserId": "93a3e0a0-a0f7-4803-ab57-3609dfe6e344",
      "updatedUserId": "93a3e0a0-a0f7-4803-ab57-3609dfe6e344"
    }
  ],
  "botMessages": [
    {
      "channelContent": {
        "web": {
          "contentFormat": "Markdown",
          "content": "Teams と Planner は連携しています。\n\n一緒に使用するには、Teams に **\\[Planner\\]** タブを追加します。 チャネル上部のタブの横にある **\\[タブの追加\\]** をクリックします。 **\\[Planner および To Do による Tasks\\]** を選択し、次のいずれかの操作を行います。\n\n*   **\\[新しいプランを作成する\\]** をクリックし、新しい Planner ボードの名前を入力します。\n*   **\\[このプランの既存のプランを使用する\\]** をクリックし、メニューから既存の Planner ボードを選択します。\n\nTeams での Planner タスクを管理するための詳細を詳しく調べたい場合は、[「Microsoft Teams で Planner を使用する」](https://support.microsoft.com/ja-jp/office/microsoft-teams-%e3%81%a7-planner-%e3%82%92%e4%bd%bf%e7%94%a8%e3%81%99%e3%82%8b-62798a9f-e8f7-4722-a700-27dd28a06ee0?ui=ja-JP&rs=ja-JP&ad=JP)を参照してください。"
        }
      },
      "id": "762a1044-8822-462f-b7ca-6c8dfb9f7cfa",
      "createdTime": "2021-03-25T06:43:08.5581282Z",
      "updatedTime": "2021-03-25T06:43:08.5581282Z",
      "createdUserId": "93a3e0a0-a0f7-4803-ab57-3609dfe6e344",
      "updatedUserId": "93a3e0a0-a0f7-4803-ab57-3609dfe6e344"
    }
  ],
  "createdUtc": "0001-01-01T00:00:00Z"
}