{
  "intents": [
    {
      "triggerQueries": [
        "Microsoft Teams 用にネットワークを最適化することはできますか？"
      ],
      "dialogId": "new_topic_77c5c191cd394cb383b1df7d949a5b04",
      "isTriggeringEnabled": true,
      "id": "new_topic_77c5c191cd394cb383b1df7d949a5b04",
      "displayName": "Microsoft Teams 用にネットワークを最適化することはできますか？",
      "description": "https://adoptionbot-test.azurewebsites.net/adoptbot2021-Japanese.xlsx",
      "createdTime": "2021-03-25T06:43:08.565101Z",
      "updatedTime": "2021-03-25T06:46:35.1091716Z",
      "createdUserId": "93a3e0a0-a0f7-4803-ab57-3609dfe6e344",
      "updatedUserId": "93a3e0a0-a0f7-4803-ab57-3609dfe6e344"
    }
  ],
  "dialogs": [
    {
      "rootNodeId": "1d3dc8e1-b1d4-4d9a-9ece-5a084f028227",
      "messageNodes": [
        {
          "botMessageId": "1ddce3e6-0e82-4797-8cc1-abe9dec834fe",
          "nodeType": "BotMessageNode",
          "id": "1d3dc8e1-b1d4-4d9a-9ece-5a084f028227",
          "defaultTargetNodeId": "c694d5cc-be6f-4689-8b89-d21f8ac75756"
        }
      ],
      "dialogChangeNodes": [
        {
          "targetDialogId": "new_topic_9215a13fa73a4559acc63305146a7bd8_aeabea4d071f415c8c107e1cb7af5424_assumedsuccess",
          "nodeType": "DialogChangeNode",
          "id": "c694d5cc-be6f-4689-8b89-d21f8ac75756"
        }
      ],
      "id": "new_topic_77c5c191cd394cb383b1df7d949a5b04",
      "displayName": "Dialog for Microsoft Teams 用にネットワークを最適化することはできますか？",
      "createdTime": "2021-03-25T06:43:08.565101Z",
      "updatedTime": "2021-03-26T07:20:15.4374082Z",
      "createdUserId": "93a3e0a0-a0f7-4803-ab57-3609dfe6e344",
      "updatedUserId": "93a3e0a0-a0f7-4803-ab57-3609dfe6e344"
    }
  ],
  "botMessages": [
    {
      "channelContent": {
        "web": {
          "contentFormat": "Markdown",
          "content": "[このガイドに従って、Teams 向けに組織のネットワークを準備し、最適化します。](https://docs.microsoft.com/ja-jp/microsoftteams/prepare-network)\n\n特に、組織内の多くのユーザーがリモートで作業を行っている場合は、パフォーマンスを最適化することが重要です。 管理者向けに、ここでは [Microsoft Learn でネットワークを最適化する方法についての簡単な講習](https://docs.microsoft.com/ja-jp/learn/modules/m365-teams-rooms-optimize-network/)を紹介します。"
        }
      },
      "id": "1ddce3e6-0e82-4797-8cc1-abe9dec834fe",
      "createdTime": "2021-03-25T06:43:08.565101Z",
      "updatedTime": "2021-03-25T06:43:08.565101Z",
      "createdUserId": "93a3e0a0-a0f7-4803-ab57-3609dfe6e344",
      "updatedUserId": "93a3e0a0-a0f7-4803-ab57-3609dfe6e344"
    }
  ],
  "createdUtc": "0001-01-01T00:00:00Z"
}