{
  "intents": [
    {
      "triggerQueries": [
        "Teams の個人情報は安全ですか？"
      ],
      "dialogId": "new_topic_371d9960e0234b96a6d5b8647c32d0d0",
      "isTriggeringEnabled": true,
      "id": "new_topic_371d9960e0234b96a6d5b8647c32d0d0",
      "displayName": "Teams の個人情報は安全ですか？",
      "description": "https://adoptionbot-test.azurewebsites.net/adoptbot2021-Japanese.xlsx",
      "createdTime": "2021-03-25T06:43:08.565101Z",
      "updatedTime": "2021-03-25T06:45:25.5660205Z",
      "createdUserId": "93a3e0a0-a0f7-4803-ab57-3609dfe6e344",
      "updatedUserId": "93a3e0a0-a0f7-4803-ab57-3609dfe6e344"
    }
  ],
  "dialogs": [
    {
      "rootNodeId": "44f400c8-d1dc-48e6-a742-e944c6e2e30d",
      "messageNodes": [
        {
          "botMessageId": "f2d10620-9433-4674-86c0-063d87841744",
          "nodeType": "BotMessageNode",
          "id": "44f400c8-d1dc-48e6-a742-e944c6e2e30d",
          "defaultTargetNodeId": "c0c6e6a0-72e9-48d3-bdea-ecda22e45b06"
        }
      ],
      "dialogChangeNodes": [
        {
          "targetDialogId": "new_topic_9215a13fa73a4559acc63305146a7bd8_aeabea4d071f415c8c107e1cb7af5424_assumedsuccess",
          "nodeType": "DialogChangeNode",
          "id": "c0c6e6a0-72e9-48d3-bdea-ecda22e45b06"
        }
      ],
      "id": "new_topic_371d9960e0234b96a6d5b8647c32d0d0",
      "displayName": "Dialog for Teams の個人情報は安全ですか？",
      "createdTime": "2021-03-25T06:43:08.565101Z",
      "updatedTime": "2021-03-26T07:38:25.4490445Z",
      "createdUserId": "93a3e0a0-a0f7-4803-ab57-3609dfe6e344",
      "updatedUserId": "93a3e0a0-a0f7-4803-ab57-3609dfe6e344"
    }
  ],
  "botMessages": [
    {
      "channelContent": {
        "web": {
          "contentFormat": "Markdown",
          "content": "[Teams は世界クラスのセキュリティ](https://www.microsoft.com/ja-jp/microsoft-teams/security) を提供し、GDPR 要件と ISO 規格を含む 90 以上の他の認証を満たしています。\n\n_組織には、機密情報を保存する場所に関する独自のポリシーが設定されている場合があります。_\n\nTeams のデータは既にセキュリティで保護されていますが、組織に特定のポリシーが設定されている場合は、ユーザーがチャットやファイルに機密情報を書き込むのを支援または禁止できます。 例えば、社会保障番号、EU パスポート番号、医療記録、またはカスタム定義されたコンテンツが Teams で共有されるのを自動的に防ぐことができます。 [責任者が設定する方法の詳細については、こちらをご覧ください。](https://docs.microsoft.com/ja-jp/microsoft-365/compliance/dlp-microsoft-teams?view=o365-worldwide)"
        }
      },
      "id": "f2d10620-9433-4674-86c0-063d87841744",
      "createdTime": "2021-03-25T06:43:08.565101Z",
      "updatedTime": "2021-03-25T06:43:08.565101Z",
      "createdUserId": "93a3e0a0-a0f7-4803-ab57-3609dfe6e344",
      "updatedUserId": "93a3e0a0-a0f7-4803-ab57-3609dfe6e344"
    }
  ],
  "createdUtc": "0001-01-01T00:00:00Z"
}