{
  "intents": [
    {
      "triggerQueries": [
        "チャットをポップアップ表示することはできますか？"
      ],
      "dialogId": "new_topic_a243214edfd1417ebb7c00684dd0b08b",
      "isTriggeringEnabled": true,
      "id": "new_topic_a243214edfd1417ebb7c00684dd0b08b",
      "displayName": "チャットをポップアップ表示することはできますか？",
      "description": "https://adoptionbot-test.azurewebsites.net/adoptbot2021-Japanese.xlsx",
      "createdTime": "2021-03-25T06:43:08.5591285Z",
      "updatedTime": "2021-03-25T06:49:21.050481Z",
      "createdUserId": "93a3e0a0-a0f7-4803-ab57-3609dfe6e344",
      "updatedUserId": "93a3e0a0-a0f7-4803-ab57-3609dfe6e344"
    }
  ],
  "dialogs": [
    {
      "rootNodeId": "3b4618b4-399c-4b35-a402-bce852556202",
      "messageNodes": [
        {
          "botMessageId": "401694f3-3c0d-47bf-9b41-e50a5f39f7c4",
          "nodeType": "BotMessageNode",
          "id": "3b4618b4-399c-4b35-a402-bce852556202",
          "defaultTargetNodeId": "b5887a05-f1f6-49eb-9ee4-9a5c920f7598"
        }
      ],
      "dialogChangeNodes": [
        {
          "targetDialogId": "new_topic_9215a13fa73a4559acc63305146a7bd8_aeabea4d071f415c8c107e1cb7af5424_assumedsuccess",
          "nodeType": "DialogChangeNode",
          "id": "b5887a05-f1f6-49eb-9ee4-9a5c920f7598"
        }
      ],
      "id": "new_topic_a243214edfd1417ebb7c00684dd0b08b",
      "displayName": "Dialog for チャットをポップアップ表示することはできますか？",
      "createdTime": "2021-03-25T06:43:08.5591285Z",
      "updatedTime": "2021-03-26T06:36:07.2081968Z",
      "createdUserId": "93a3e0a0-a0f7-4803-ab57-3609dfe6e344",
      "updatedUserId": "93a3e0a0-a0f7-4803-ab57-3609dfe6e344"
    }
  ],
  "botMessages": [
    {
      "channelContent": {
        "web": {
          "contentFormat": "Markdown",
          "content": "1 対 1 またはグループ チャットを別のウィンドウにポップアップできます。 その後、必要に応じてウィンドウのサイズを変更したり、位置を変更したり、閉じたりします。 これにより、会議中や通話中に他の作業を行うことができます。\n\n注意：複数の会話をポップアップすることができますが、同じチャットを 2 回ポップアップすることはできません。\n\n[Teams でチャットをポップアップする](https://support.microsoft.com/ja-jp/office/teams-%e3%81%a7%e3%83%81%e3%83%a3%e3%83%83%e3%83%88%e3%82%92%e7%9b%ae%e7%ab%8b%e3%81%9f%e3%81%9b%e3%82%8b-cff95cb0-34af-423f-8f69-fe9106973790?ui=ja-JP&rs=ja-JP&ad=JP)"
        }
      },
      "id": "401694f3-3c0d-47bf-9b41-e50a5f39f7c4",
      "createdTime": "2021-03-25T06:43:08.5591285Z",
      "updatedTime": "2021-03-25T06:43:08.5591285Z",
      "createdUserId": "93a3e0a0-a0f7-4803-ab57-3609dfe6e344",
      "updatedUserId": "93a3e0a0-a0f7-4803-ab57-3609dfe6e344"
    }
  ],
  "createdUtc": "0001-01-01T00:00:00Z"
}