<botcomponent schemaname="new_topic_9215a13fa73a4559acc63305146a7bd8_85df75ce08a44a9b82cc8f3fdb25f669">
  <componenttype>0</componenttype>
  <description>レッスン 4 - このレッスンでは、条件付きブランチ、変数、カスタムエンティティを使用してトピックを作成する方法について、引き続き説明します。  

特に、エンティティがフォローアップの質問をスキップできるようにします。 たとえば、"ビジネス向けノートパソコンが欲しい" でテストしてみてください。</description>
  <iscustomizable>1</iscustomizable>
  <name>レッスン 4 - 条件、変数、カスタム エンティティを含むトピック。</name>
  <statecode>0</statecode>
  <statuscode>1</statuscode>
</botcomponent>