{
  "intents": [
    {
      "triggerQueries": [
        "古いチャットを削除する方法は？"
      ],
      "dialogId": "new_topic_6b4a8e8e19284ea38f6c0196dbb75f11",
      "isTriggeringEnabled": true,
      "id": "new_topic_6b4a8e8e19284ea38f6c0196dbb75f11",
      "displayName": "古いチャットを削除する方法は？",
      "description": "https://adoptionbot-test.azurewebsites.net/adoptbot2021-Japanese.xlsx",
      "createdTime": "2021-03-25T06:43:08.5581282Z",
      "updatedTime": "2021-03-25T06:51:43.3687846Z",
      "createdUserId": "93a3e0a0-a0f7-4803-ab57-3609dfe6e344",
      "updatedUserId": "93a3e0a0-a0f7-4803-ab57-3609dfe6e344"
    }
  ],
  "dialogs": [
    {
      "rootNodeId": "5de434b0-c6d2-403a-a201-44dea2a17ec0",
      "messageNodes": [
        {
          "botMessageId": "11b1ab3b-b083-498c-90a5-df5eed4b48e0",
          "nodeType": "BotMessageNode",
          "id": "5de434b0-c6d2-403a-a201-44dea2a17ec0",
          "defaultTargetNodeId": "03bdbeba-a545-4253-8682-dfa712af776e"
        }
      ],
      "dialogChangeNodes": [
        {
          "targetDialogId": "new_topic_9215a13fa73a4559acc63305146a7bd8_aeabea4d071f415c8c107e1cb7af5424_assumedsuccess",
          "nodeType": "DialogChangeNode",
          "id": "03bdbeba-a545-4253-8682-dfa712af776e"
        }
      ],
      "id": "new_topic_6b4a8e8e19284ea38f6c0196dbb75f11",
      "displayName": "Dialog for 古いチャットを削除する方法は？",
      "createdTime": "2021-03-25T06:43:08.5581282Z",
      "updatedTime": "2021-03-26T04:15:35.4470265Z",
      "createdUserId": "93a3e0a0-a0f7-4803-ab57-3609dfe6e344",
      "updatedUserId": "93a3e0a0-a0f7-4803-ab57-3609dfe6e344"
    }
  ],
  "botMessages": [
    {
      "channelContent": {
        "web": {
          "contentFormat": "Markdown",
          "content": "チャット全体を削除することはできませんが、非表示にしてチャットのリストから外すことができます。\n\nまた、ユーザー本人が[送信した個別のメッセージを削除](https://support.microsoft.com/ja-jp/office/teams-%e4%b8%8a%e3%81%a7%e9%80%81%e4%bf%a1%e3%81%97%e3%81%9f%e3%83%a1%e3%83%83%e3%82%bb%e3%83%bc%e3%82%b8%e3%82%92%e7%b7%a8%e9%9b%86%e3%81%be%e3%81%9f%e3%81%af%e5%89%8a%e9%99%a4%e3%81%99%e3%82%8b-5f1fe604-a900-4a07-b8b7-8cf70ed6b263?ui=ja-JP&rs=ja-JP&ad=JP)することもできます。"
        }
      },
      "id": "11b1ab3b-b083-498c-90a5-df5eed4b48e0",
      "createdTime": "2021-03-25T06:43:08.5581282Z",
      "updatedTime": "2021-03-25T06:43:08.5581282Z",
      "createdUserId": "93a3e0a0-a0f7-4803-ab57-3609dfe6e344",
      "updatedUserId": "93a3e0a0-a0f7-4803-ab57-3609dfe6e344"
    }
  ],
  "createdUtc": "0001-01-01T00:00:00Z"
}