{
  "intents": [
    {
      "triggerQueries": [
        "ライブ イベントを作成できるユーザーは？"
      ],
      "dialogId": "new_topic_ad45fb92625343cba15d52e3ffe59eb5",
      "isTriggeringEnabled": true,
      "id": "new_topic_ad45fb92625343cba15d52e3ffe59eb5",
      "displayName": "ライブ イベントを作成できるユーザーは？",
      "description": "https://adoptionbot-test.azurewebsites.net/adoptbot2021-Japanese.xlsx",
      "createdTime": "2021-03-25T06:43:08.5591285Z",
      "updatedTime": "2021-03-25T06:50:30.1555667Z",
      "createdUserId": "93a3e0a0-a0f7-4803-ab57-3609dfe6e344",
      "updatedUserId": "93a3e0a0-a0f7-4803-ab57-3609dfe6e344"
    }
  ],
  "dialogs": [
    {
      "rootNodeId": "5ac2cbf3-2db4-4535-9202-2cc78fc6754f",
      "messageNodes": [
        {
          "botMessageId": "27b7757a-b860-4b87-a844-0ad89a39b902",
          "nodeType": "BotMessageNode",
          "id": "5ac2cbf3-2db4-4535-9202-2cc78fc6754f",
          "defaultTargetNodeId": "6c066918-1cb9-488b-b2c8-518a477b436a"
        }
      ],
      "dialogChangeNodes": [
        {
          "targetDialogId": "new_topic_9215a13fa73a4559acc63305146a7bd8_aeabea4d071f415c8c107e1cb7af5424_assumedsuccess",
          "nodeType": "DialogChangeNode",
          "id": "6c066918-1cb9-488b-b2c8-518a477b436a"
        }
      ],
      "id": "new_topic_ad45fb92625343cba15d52e3ffe59eb5",
      "displayName": "Dialog for ライブ イベントを作成できるユーザーは？",
      "createdTime": "2021-03-25T06:43:08.5591285Z",
      "updatedTime": "2021-03-26T05:29:05.2008685Z",
      "createdUserId": "93a3e0a0-a0f7-4803-ab57-3609dfe6e344",
      "updatedUserId": "93a3e0a0-a0f7-4803-ab57-3609dfe6e344"
    }
  ],
  "botMessages": [
    {
      "channelContent": {
        "web": {
          "contentFormat": "Markdown",
          "content": "**ライブ イベントを作成するには**、Microsoft / Office 365 Enterprise E3 /A3、または E5 / A5ライセンスが必要です。\n\n_（IT 管理者には、詳細な情報を提供できます）_\n\n**次に、以下が必要です。**\n\n*   Microsoft Teams 管理センターでライブ イベントを作成する権限\n*   Microsoft Stream でライブ イベントを作成する権限 (外部のブロードキャスト アプリケーションまたは機器を使用して作成されたイベントの場合)\n*   組織での完全なチームメンバーシップ (ゲストまたは別の組織からメンバーになることはできません)\n*   プライベート会議のスケジュール、画面共有、および IP ビデオ共有が、Teams 会議ポリシーでオンになっている\n\n詳細については、こちらをご覧ください：[Microsoft Teams ライブ イベントの使用を開始する](https://support.microsoft.com/ja-jp/office/microsoft-teams-%e3%83%a9%e3%82%a4%e3%83%96-%e3%82%a4%e3%83%99%e3%83%b3%e3%83%88%e3%81%ae%e4%bd%bf%e7%94%a8%e3%82%92%e9%96%8b%e5%a7%8b%e3%81%99%e3%82%8b-d077fec2-a058-483e-9ab5-1494afda578a?ui=ja-JP&rs=ja-JP&ad=JP)"
        }
      },
      "id": "27b7757a-b860-4b87-a844-0ad89a39b902",
      "createdTime": "2021-03-25T06:43:08.5591285Z",
      "updatedTime": "2021-03-25T06:43:08.5591285Z",
      "createdUserId": "93a3e0a0-a0f7-4803-ab57-3609dfe6e344",
      "updatedUserId": "93a3e0a0-a0f7-4803-ab57-3609dfe6e344"
    }
  ],
  "createdUtc": "0001-01-01T00:00:00Z"
}