{
  "intents": [
    {
      "triggerQueries": [
        "Teams チャネルとは？"
      ],
      "dialogId": "new_topic_8fc53ab5c9884fe0845124ce199a10ae",
      "isTriggeringEnabled": true,
      "id": "new_topic_8fc53ab5c9884fe0845124ce199a10ae",
      "displayName": "Teams チャネルとは？",
      "description": "https://adoptionbot-test.azurewebsites.net/adoptbot2021-Japanese.xlsx",
      "createdTime": "2021-03-25T06:43:08.5581282Z",
      "updatedTime": "2021-03-25T06:58:12.3266845Z",
      "createdUserId": "93a3e0a0-a0f7-4803-ab57-3609dfe6e344",
      "updatedUserId": "93a3e0a0-a0f7-4803-ab57-3609dfe6e344"
    }
  ],
  "dialogs": [
    {
      "rootNodeId": "e0eeaf5b-8624-4a1f-a210-4c7a0de7f3e1",
      "messageNodes": [
        {
          "botMessageId": "58c887cc-8777-4d26-bd21-7e850b982eae",
          "nodeType": "BotMessageNode",
          "id": "e0eeaf5b-8624-4a1f-a210-4c7a0de7f3e1",
          "defaultTargetNodeId": "db73e66b-b8ef-4232-a61d-e9ff85e36311"
        }
      ],
      "dialogChangeNodes": [
        {
          "targetDialogId": "new_topic_9215a13fa73a4559acc63305146a7bd8_aeabea4d071f415c8c107e1cb7af5424_assumedsuccess",
          "nodeType": "DialogChangeNode",
          "id": "db73e66b-b8ef-4232-a61d-e9ff85e36311"
        }
      ],
      "id": "new_topic_8fc53ab5c9884fe0845124ce199a10ae",
      "displayName": "Dialog for Teams チャネルとは？",
      "createdTime": "2021-03-25T06:43:08.5581282Z",
      "updatedTime": "2021-03-25T11:40:25.7418771Z",
      "createdUserId": "93a3e0a0-a0f7-4803-ab57-3609dfe6e344",
      "updatedUserId": "93a3e0a0-a0f7-4803-ab57-3609dfe6e344"
    }
  ],
  "botMessages": [
    {
      "channelContent": {
        "web": {
          "contentFormat": "Markdown",
          "content": "チャネルは、チームが作業を行う為のコラボレーション スペースです。 チャネルは、チーム内の専用セクションであり、特定のトピック、プロジェクト、専門分野など、機能ごとにチームでの会話を整理します。 チャネルは、チームの全員がオープンに会話できる場所です。\n\nチャネル内のチャットで共有するファイルは、各チャネルの \\[ファイル\\] タブの下に整理されます。"
        }
      },
      "id": "58c887cc-8777-4d26-bd21-7e850b982eae",
      "createdTime": "2021-03-25T06:43:08.5581282Z",
      "updatedTime": "2021-03-25T06:43:08.5581282Z",
      "createdUserId": "93a3e0a0-a0f7-4803-ab57-3609dfe6e344",
      "updatedUserId": "93a3e0a0-a0f7-4803-ab57-3609dfe6e344"
    }
  ],
  "createdUtc": "0001-01-01T00:00:00Z"
}