{
  "intents": [
    {
      "triggerQueries": [
        "Teams に保存できるファイルに制限はありますか？"
      ],
      "dialogId": "new_topic_261505c2b65d4a409c5cd3ecf8296777",
      "isTriggeringEnabled": true,
      "id": "new_topic_261505c2b65d4a409c5cd3ecf8296777",
      "displayName": "Teams に保存できるファイルに制限はありますか？",
      "description": "https://adoptionbot-test.azurewebsites.net/adoptbot2021-Japanese.xlsx",
      "createdTime": "2021-03-25T06:43:08.5581282Z",
      "updatedTime": "2021-03-25T06:54:00.9777992Z",
      "createdUserId": "93a3e0a0-a0f7-4803-ab57-3609dfe6e344",
      "updatedUserId": "93a3e0a0-a0f7-4803-ab57-3609dfe6e344"
    }
  ],
  "dialogs": [
    {
      "rootNodeId": "ea993786-2d44-42fa-9daa-c5541663305d",
      "messageNodes": [
        {
          "botMessageId": "2a828a3e-9725-4284-b16b-4d24ed7d54ba",
          "nodeType": "BotMessageNode",
          "id": "ea993786-2d44-42fa-9daa-c5541663305d",
          "defaultTargetNodeId": "458c8752-9da0-4278-82f2-178ab794589b"
        }
      ],
      "dialogChangeNodes": [
        {
          "targetDialogId": "new_topic_9215a13fa73a4559acc63305146a7bd8_aeabea4d071f415c8c107e1cb7af5424_assumedsuccess",
          "nodeType": "DialogChangeNode",
          "id": "458c8752-9da0-4278-82f2-178ab794589b"
        }
      ],
      "id": "new_topic_261505c2b65d4a409c5cd3ecf8296777",
      "displayName": "Dialog for Teams に保存できるファイルに制限はありますか？",
      "createdTime": "2021-03-25T06:43:08.5581282Z",
      "updatedTime": "2021-03-26T02:12:08.1350178Z",
      "createdUserId": "93a3e0a0-a0f7-4803-ab57-3609dfe6e344",
      "updatedUserId": "93a3e0a0-a0f7-4803-ab57-3609dfe6e344"
    }
  ],
  "botMessages": [
    {
      "channelContent": {
        "web": {
          "contentFormat": "Markdown",
          "content": "ファイル アップロードの制限は、ファイルあたり 100 GB です。Teams はファイル共有用の SharePoint Online の バックエンドで実行されるため、SharePoint の制限が、Teams 内の \\[ファイル\\] セクションに適用されます。\n\n2021 年には、制限が[ファイルあたり 250 GB](https://www.microsoft.com/ja-jp/microsoft-365/roadmap?filters=&searchterms=250%2CGB)に増加します。"
        }
      },
      "id": "2a828a3e-9725-4284-b16b-4d24ed7d54ba",
      "createdTime": "2021-03-25T06:43:08.5581282Z",
      "updatedTime": "2021-03-25T06:43:08.5581282Z",
      "createdUserId": "93a3e0a0-a0f7-4803-ab57-3609dfe6e344",
      "updatedUserId": "93a3e0a0-a0f7-4803-ab57-3609dfe6e344"
    }
  ],
  "createdUtc": "0001-01-01T00:00:00Z"
}