<ImportExportXml version="9.2.21032.145" SolutionPackageVersion="9.2" languagecode="1041" generatedBy="CrmLive" xmlns:xsi="http://www.w3.org/2001/XMLSchema-instance">
  <SolutionManifest>
    <UniqueName>AdoptionBotPVA2021</UniqueName>
    <LocalizedNames>
      <LocalizedName description="Adoption Bot PVA 2021" languagecode="1041" />
    </LocalizedNames>
    <Descriptions />
    <Version>1.0.0.0</Version>
    <Managed>0</Managed>
    <Publisher>
      <UniqueName>Crb8839</UniqueName>
      <LocalizedNames>
        <LocalizedName description="CDS Default Publisher" languagecode="1041" />
      </LocalizedNames>
      <Descriptions />
      <EMailAddress xsi:nil="true"></EMailAddress>
      <SupportingWebsiteUrl xsi:nil="true"></SupportingWebsiteUrl>
      <CustomizationPrefix>cra95</CustomizationPrefix>
      <CustomizationOptionValuePrefix>64028</CustomizationOptionValuePrefix>
    </Publisher>
    <RootComponents>
      <RootComponent type="29" id="{5ece3cb4-e75b-eb11-a812-000d3a1fc975}" behavior="0" />
      <RootComponent type="29" id="{9ebc44a5-ea5b-eb11-a812-000d3a1fc975}" behavior="0" />
    </RootComponents>
    <MissingDependencies />
  </SolutionManifest>
</ImportExportXml>