{
  "intents": [
    {
      "triggerQueries": [
        "電話会議の最長時間は？"
      ],
      "dialogId": "new_topic_e5ea157680104230972746c6b8d16b16",
      "isTriggeringEnabled": true,
      "id": "new_topic_e5ea157680104230972746c6b8d16b16",
      "displayName": "電話会議の最長時間は？",
      "description": "https://adoptionbot-test.azurewebsites.net/adoptbot2021-Japanese.xlsx",
      "createdTime": "2021-03-25T06:43:08.5581282Z",
      "updatedTime": "2021-03-25T06:56:15.2497069Z",
      "createdUserId": "93a3e0a0-a0f7-4803-ab57-3609dfe6e344",
      "updatedUserId": "93a3e0a0-a0f7-4803-ab57-3609dfe6e344"
    }
  ],
  "dialogs": [
    {
      "rootNodeId": "d84f63f3-3618-4d34-8e1e-e8eea7f1fe5e",
      "messageNodes": [
        {
          "botMessageId": "ef87137a-8b91-4edc-a6bc-61a6acfe7bb2",
          "nodeType": "BotMessageNode",
          "id": "d84f63f3-3618-4d34-8e1e-e8eea7f1fe5e",
          "defaultTargetNodeId": "8ffe6d9b-e77e-4a02-880e-5d0189648411"
        }
      ],
      "dialogChangeNodes": [
        {
          "targetDialogId": "new_topic_9215a13fa73a4559acc63305146a7bd8_aeabea4d071f415c8c107e1cb7af5424_assumedsuccess",
          "nodeType": "DialogChangeNode",
          "id": "8ffe6d9b-e77e-4a02-880e-5d0189648411"
        }
      ],
      "id": "new_topic_e5ea157680104230972746c6b8d16b16",
      "displayName": "Dialog for 電話会議の最長時間は？",
      "createdTime": "2021-03-25T06:43:08.5581282Z",
      "updatedTime": "2021-03-25T06:43:08.5581282Z",
      "createdUserId": "93a3e0a0-a0f7-4803-ab57-3609dfe6e344",
      "updatedUserId": "93a3e0a0-a0f7-4803-ab57-3609dfe6e344"
    }
  ],
  "botMessages": [
    {
      "channelContent": {
        "web": {
          "contentFormat": "Markdown",
          "content": "会議は 24 時間後に終了します。"
        }
      },
      "id": "ef87137a-8b91-4edc-a6bc-61a6acfe7bb2",
      "createdTime": "2021-03-25T06:43:08.5581282Z",
      "updatedTime": "2021-03-25T06:43:08.5581282Z",
      "createdUserId": "93a3e0a0-a0f7-4803-ab57-3609dfe6e344",
      "updatedUserId": "93a3e0a0-a0f7-4803-ab57-3609dfe6e344"
    }
  ],
  "createdUtc": "0001-01-01T00:00:00Z"
}