{
  "intents": [
    {
      "triggerQueries": [
        "Skype for Business から切り替える場合は？"
      ],
      "dialogId": "new_topic_79881c756f7b45e9b6927b7ba01affcf",
      "isTriggeringEnabled": true,
      "id": "new_topic_79881c756f7b45e9b6927b7ba01affcf",
      "displayName": "Skype for Business から切り替える場合は？",
      "description": "https://adoptionbot-test.azurewebsites.net/adoptbot2021-Japanese.xlsx",
      "createdTime": "2021-03-25T06:43:08.5581282Z",
      "updatedTime": "2021-03-26T04:40:44.3419079Z",
      "createdUserId": "93a3e0a0-a0f7-4803-ab57-3609dfe6e344",
      "updatedUserId": "93a3e0a0-a0f7-4803-ab57-3609dfe6e344"
    }
  ],
  "dialogs": [
    {
      "rootNodeId": "a1c7eaef-baf9-4eea-8309-8c6a0479136d",
      "messageNodes": [
        {
          "botMessageId": "5f213486-4fc9-4055-af28-e8fdb28c916e",
          "nodeType": "BotMessageNode",
          "id": "a1c7eaef-baf9-4eea-8309-8c6a0479136d",
          "defaultTargetNodeId": "66eb2a9f-a9b3-4791-9804-ec3442d1fd5a"
        }
      ],
      "dialogChangeNodes": [
        {
          "targetDialogId": "new_topic_9215a13fa73a4559acc63305146a7bd8_aeabea4d071f415c8c107e1cb7af5424_assumedsuccess",
          "nodeType": "DialogChangeNode",
          "id": "66eb2a9f-a9b3-4791-9804-ec3442d1fd5a"
        }
      ],
      "id": "new_topic_79881c756f7b45e9b6927b7ba01affcf",
      "displayName": "Dialog for Skype for Business から切り替える場合は？",
      "createdTime": "2021-03-25T06:43:08.5581282Z",
      "updatedTime": "2021-03-26T04:46:23.6344173Z",
      "createdUserId": "93a3e0a0-a0f7-4803-ab57-3609dfe6e344",
      "updatedUserId": "93a3e0a0-a0f7-4803-ab57-3609dfe6e344"
    }
  ],
  "botMessages": [
    {
      "channelContent": {
        "web": {
          "contentFormat": "Markdown",
          "content": "Skype for Business から Microsoft Teams への切り替えに加えて、便利な新しい機能も多数ご用意しています。Teams は以下のサービスも提供しています：\n\n*   プロジェクト、会話、ファイル、会議を 1 か所で行う [Teams とチャネル](https://support.microsoft.com/ja-jp/office/%e3%83%81%e3%83%bc%e3%83%a0%e3%81%a8%e3%83%81%e3%83%a3%e3%83%8d%e3%83%ab%e3%81%ab%e3%81%a4%e3%81%84%e3%81%a6-5e4fd702-85f5-48d7-ae14-98821a1f90d3?ui=ja-JP&rs=ja-JP&ad=JP)\n*   [Office アプリの統合](https://support.microsoft.com/ja-jp/office/microsoft-teams-%e3%81%ae%e3%82%a2%e3%83%97%e3%83%aa%e3%81%ab%e3%81%a4%e3%81%84%e3%81%a6%e7%9f%a5%e3%81%a3%e3%81%a6%e3%81%8a%e3%81%8f%e3%81%b9%e3%81%8d-5-%e3%81%a4%e3%81%ae%e3%81%93%e3%81%a8-747492ee-7cdd-4115-a993-8c7e7f98a3d0?ui=ja-JP&rs=ja-JP&ad=JP#bkmk_tabs)\n*   カスタマイズ可能な [アプリとボット](https://support.microsoft.com/ja-jp/office/microsoft-teams-%e3%81%ae%e3%82%a2%e3%83%97%e3%83%aa%e3%81%ab%e3%81%a4%e3%81%84%e3%81%a6%e7%9f%a5%e3%81%a3%e3%81%a6%e3%81%8a%e3%81%8f%e3%81%b9%e3%81%8d-5-%e3%81%a4%e3%81%ae%e3%81%93%e3%81%a8-747492ee-7cdd-4115-a993-8c7e7f98a3d0?ui=ja-JP&rs=ja-JP&ad=JP)\n*   ＠メンション での[通知](https://support.microsoft.com/ja-jp/office/teams-%e3%81%a7-%e3%83%a1%e3%83%b3%e3%82%b7%e3%83%a7%e3%83%b3%e3%82%92%e4%bd%bf%e3%81%a3%e3%81%a6%e6%b3%a8%e6%84%8f%e3%82%92%e5%bc%95%e3%81%8f-eb4f059d-320e-454e-b111-03361d4d6855?ui=ja-JP&rs=ja-JP&ad=JP)\n\nTeams にご興味がある場合は、Skype for Business から Teams への移行を行うための全体のガイドがあります。"
        }
      },
      "id": "5f213486-4fc9-4055-af28-e8fdb28c916e",
      "createdTime": "2021-03-25T06:43:08.5581282Z",
      "updatedTime": "2021-03-25T06:43:08.5581282Z",
      "createdUserId": "93a3e0a0-a0f7-4803-ab57-3609dfe6e344",
      "updatedUserId": "93a3e0a0-a0f7-4803-ab57-3609dfe6e344"
    }
  ],
  "createdUtc": "0001-01-01T00:00:00Z"
}