{
  "intents": [
    {
      "triggerQueries": [
        "Office を利用するにはインターネットに接続する必要がありますか？"
      ],
      "dialogId": "new_topic_2a17ce678aad442e8f537a95b1af8997",
      "isTriggeringEnabled": true,
      "id": "new_topic_2a17ce678aad442e8f537a95b1af8997",
      "displayName": "Office を利用するにはインターネットに接続する必要がありますか？",
      "description": "https://adoptionbot-test.azurewebsites.net/adoptbot2021-Japanese.xlsx",
      "createdTime": "2021-03-25T06:43:08.5581282Z",
      "updatedTime": "2021-03-25T06:55:32.6298065Z",
      "createdUserId": "93a3e0a0-a0f7-4803-ab57-3609dfe6e344",
      "updatedUserId": "93a3e0a0-a0f7-4803-ab57-3609dfe6e344"
    }
  ],
  "dialogs": [
    {
      "rootNodeId": "c31e47ac-093a-40c3-bbee-326b4cf89149",
      "messageNodes": [
        {
          "botMessageId": "2b9421ef-f736-40d4-9e58-cae9b8ca35df",
          "nodeType": "BotMessageNode",
          "id": "c31e47ac-093a-40c3-bbee-326b4cf89149",
          "defaultTargetNodeId": "d87ee8e1-cb86-435c-bce3-26944f842be3"
        }
      ],
      "dialogChangeNodes": [
        {
          "targetDialogId": "new_topic_9215a13fa73a4559acc63305146a7bd8_aeabea4d071f415c8c107e1cb7af5424_assumedsuccess",
          "nodeType": "DialogChangeNode",
          "id": "d87ee8e1-cb86-435c-bce3-26944f842be3"
        }
      ],
      "id": "new_topic_2a17ce678aad442e8f537a95b1af8997",
      "displayName": "Dialog for Office を利用するにはインターネットに接続する必要がありますか？",
      "createdTime": "2021-03-25T06:43:08.5581282Z",
      "updatedTime": "2021-03-26T01:33:32.2203545Z",
      "createdUserId": "93a3e0a0-a0f7-4803-ab57-3609dfe6e344",
      "updatedUserId": "93a3e0a0-a0f7-4803-ab57-3609dfe6e344"
    }
  ],
  "botMessages": [
    {
      "channelContent": {
        "web": {
          "contentFormat": "Markdown",
          "content": "Word、Excel、PowerPoint などの Office アプリケーションは、コンピュータにインストールされているため、インターネットに接続する必要はありません。\n\nOffice Suites のすべての最新エディションと Office 365 サブスクリプション プランをすべてインストールしてアクティブ化するには、インターネット接続が必要です。 [OneDrive デスクトップ アプリ](https://support.microsoft.com/ja-jp/office/windows-%e3%81%ae%e4%bb%a5%e5%89%8d%e3%81%ae%e3%83%90%e3%83%bc%e3%82%b8%e3%83%a7%e3%83%b3-%e7%94%a8-onedrive-%e3%83%87%e3%82%b9%e3%82%af%e3%83%88%e3%83%83%e3%83%97-%e3%82%a2%e3%83%97%e3%83%aa-850703dd-ea56-4c7a-bff5-6c2e4da227cf?ui=ja-JP&rs=ja-JP&ad=JP#1TC=t1)をインストールしない限り、OneDrive に保存されているドキュメントにアクセスする場合も、インターネット接続が必要です。\n\nまた、Office のバージョンを最新の状態に保ち、自動更新を利用するためにも、インターネットに定期的に接続する必要があります。 少なくとも 31 日毎にインターネットに接続しないと、アプリケーションは機能制限モードに移行するため、ドキュメントを表示または印刷することはできますが、ドキュメントを編集したり、新しいドキュメントを作成したりすることができなくなります。Office アプリケーションを再アクティブ化するためには、インターネットに再接続します。"
        }
      },
      "id": "2b9421ef-f736-40d4-9e58-cae9b8ca35df",
      "createdTime": "2021-03-25T06:43:08.5581282Z",
      "updatedTime": "2021-03-25T06:43:08.5581282Z",
      "createdUserId": "93a3e0a0-a0f7-4803-ab57-3609dfe6e344",
      "updatedUserId": "93a3e0a0-a0f7-4803-ab57-3609dfe6e344"
    }
  ],
  "createdUtc": "0001-01-01T00:00:00Z"
}