{
  "intents": [
    {
      "triggerQueries": [
        "Teams でファイルを編集する方法は？"
      ],
      "dialogId": "new_topic_8d182cbfb8f14fcea1e133edc3314cb9",
      "isTriggeringEnabled": true,
      "id": "new_topic_8d182cbfb8f14fcea1e133edc3314cb9",
      "displayName": "Teams でファイルを編集する方法は？",
      "description": "https://adoptionbot-test.azurewebsites.net/adoptbot2021-Japanese.xlsx",
      "createdTime": "2021-03-25T06:43:08.5581282Z",
      "updatedTime": "2021-03-25T06:53:07.9949128Z",
      "createdUserId": "93a3e0a0-a0f7-4803-ab57-3609dfe6e344",
      "updatedUserId": "93a3e0a0-a0f7-4803-ab57-3609dfe6e344"
    }
  ],
  "dialogs": [
    {
      "rootNodeId": "1f209016-a121-4264-8871-0e0ec09edd2e",
      "messageNodes": [
        {
          "botMessageId": "da09583e-10ac-491c-8845-860cf177b579",
          "nodeType": "BotMessageNode",
          "id": "1f209016-a121-4264-8871-0e0ec09edd2e",
          "defaultTargetNodeId": "09e38e1b-cdce-4446-8d73-90694fc82f2f"
        }
      ],
      "dialogChangeNodes": [
        {
          "targetDialogId": "new_topic_9215a13fa73a4559acc63305146a7bd8_aeabea4d071f415c8c107e1cb7af5424_assumedsuccess",
          "nodeType": "DialogChangeNode",
          "id": "09e38e1b-cdce-4446-8d73-90694fc82f2f"
        }
      ],
      "id": "new_topic_8d182cbfb8f14fcea1e133edc3314cb9",
      "displayName": "Dialog for Teams でファイルを編集する方法は？",
      "createdTime": "2021-03-25T06:43:08.5581282Z",
      "updatedTime": "2021-03-26T02:27:03.001488Z",
      "createdUserId": "93a3e0a0-a0f7-4803-ab57-3609dfe6e344",
      "updatedUserId": "93a3e0a0-a0f7-4803-ab57-3609dfe6e344"
    }
  ],
  "botMessages": [
    {
      "channelContent": {
        "web": {
          "contentFormat": "Markdown",
          "content": "Teams の一般チャネルのファイルに Office ドキュメントがある場合は、省略記号をクリックして、そのファイルのアクション オプションのメニューを展開できます。\n\n\\[Teams で編集\\] を選択すると、ドキュメントを変更して保存することができます。"
        }
      },
      "id": "da09583e-10ac-491c-8845-860cf177b579",
      "createdTime": "2021-03-25T06:43:08.5581282Z",
      "updatedTime": "2021-03-25T06:43:08.5581282Z",
      "createdUserId": "93a3e0a0-a0f7-4803-ab57-3609dfe6e344",
      "updatedUserId": "93a3e0a0-a0f7-4803-ab57-3609dfe6e344"
    }
  ],
  "createdUtc": "0001-01-01T00:00:00Z"
}