{
  "intents": [
    {
      "triggerQueries": [
        "チャネルでメンションする方法は？"
      ],
      "dialogId": "new_topic_be0ff877b3384fd1b9c1f898f3303f08",
      "isTriggeringEnabled": true,
      "id": "new_topic_be0ff877b3384fd1b9c1f898f3303f08",
      "displayName": "チャネルでメンションする方法は？",
      "description": "https://adoptionbot-test.azurewebsites.net/adoptbot2021-Japanese.xlsx",
      "createdTime": "2021-03-25T06:43:08.5591285Z",
      "updatedTime": "2021-03-25T06:46:39.3172967Z",
      "createdUserId": "93a3e0a0-a0f7-4803-ab57-3609dfe6e344",
      "updatedUserId": "93a3e0a0-a0f7-4803-ab57-3609dfe6e344"
    }
  ],
  "dialogs": [
    {
      "rootNodeId": "805fec47-76ac-4b2b-a0fb-6db214f7acb2",
      "messageNodes": [
        {
          "botMessageId": "c2f6dc3c-1144-437d-bc1c-b8be8136f37c",
          "nodeType": "BotMessageNode",
          "id": "805fec47-76ac-4b2b-a0fb-6db214f7acb2",
          "defaultTargetNodeId": "48bb6ede-3b3a-4f35-b7f0-4484bc01188c"
        }
      ],
      "dialogChangeNodes": [
        {
          "targetDialogId": "new_topic_9215a13fa73a4559acc63305146a7bd8_aeabea4d071f415c8c107e1cb7af5424_assumedsuccess",
          "nodeType": "DialogChangeNode",
          "id": "48bb6ede-3b3a-4f35-b7f0-4484bc01188c"
        }
      ],
      "id": "new_topic_be0ff877b3384fd1b9c1f898f3303f08",
      "displayName": "Dialog for チャネルでメンションする方法は？",
      "createdTime": "2021-03-25T06:43:08.5581282Z",
      "updatedTime": "2021-03-26T07:14:51.4918403Z",
      "createdUserId": "93a3e0a0-a0f7-4803-ab57-3609dfe6e344",
      "updatedUserId": "93a3e0a0-a0f7-4803-ab57-3609dfe6e344"
    }
  ],
  "botMessages": [
    {
      "channelContent": {
        "web": {
          "contentFormat": "Markdown",
          "content": "チャネルでユーザーの注意を引くには、チャネルで@メンションします。\n\n＠チャネル と入力し、表示されるメニューからチャネルを選択するだけです。 ＠チャネル チャネル名 を使用すると、チャネルを表示している各メンバーが通知を受け取ります。\n\n通知の種類は、各個人の設定によって異なります。 このオプションは、電子メールで 「全員に返信」 を使用するのと同じなので、慎重に使用してください。"
        }
      },
      "id": "c2f6dc3c-1144-437d-bc1c-b8be8136f37c",
      "createdTime": "2021-03-25T06:43:08.5581282Z",
      "updatedTime": "2021-03-25T06:43:08.5581282Z",
      "createdUserId": "93a3e0a0-a0f7-4803-ab57-3609dfe6e344",
      "updatedUserId": "93a3e0a0-a0f7-4803-ab57-3609dfe6e344"
    }
  ],
  "createdUtc": "0001-01-01T00:00:00Z"
}