{
  "intents": [
    {
      "triggerQueries": [
        "チャネルで個々のユーザーの注意を引くのは可能ですか？"
      ],
      "dialogId": "new_topic_66f7a47ecdd940968dcb67536dc4cc6f",
      "isTriggeringEnabled": true,
      "id": "new_topic_66f7a47ecdd940968dcb67536dc4cc6f",
      "displayName": "チャネルで個々のユーザーの注意を引くのは可能ですか？",
      "description": "https://adoptionbot-test.azurewebsites.net/adoptbot2021-Japanese.xlsx",
      "createdTime": "2021-03-25T06:43:08.5591285Z",
      "updatedTime": "2021-03-25T06:46:50.1848444Z",
      "createdUserId": "93a3e0a0-a0f7-4803-ab57-3609dfe6e344",
      "updatedUserId": "93a3e0a0-a0f7-4803-ab57-3609dfe6e344"
    }
  ],
  "dialogs": [
    {
      "rootNodeId": "5963ebcc-3453-49db-9d2f-c4979056508a",
      "messageNodes": [
        {
          "botMessageId": "429fc1a3-c771-45ec-804c-acb45e018ca6",
          "nodeType": "BotMessageNode",
          "id": "5963ebcc-3453-49db-9d2f-c4979056508a",
          "defaultTargetNodeId": "a685bbd7-8b4f-4740-8677-3b4b1c4bb553"
        }
      ],
      "dialogChangeNodes": [
        {
          "targetDialogId": "new_topic_9215a13fa73a4559acc63305146a7bd8_aeabea4d071f415c8c107e1cb7af5424_assumedsuccess",
          "nodeType": "DialogChangeNode",
          "id": "a685bbd7-8b4f-4740-8677-3b4b1c4bb553"
        }
      ],
      "id": "new_topic_66f7a47ecdd940968dcb67536dc4cc6f",
      "displayName": "Dialog for チャネルで個々のユーザーの注意を引くのは可能ですか？",
      "createdTime": "2021-03-25T06:43:08.5591285Z",
      "updatedTime": "2021-03-26T07:13:22.7322261Z",
      "createdUserId": "93a3e0a0-a0f7-4803-ab57-3609dfe6e344",
      "updatedUserId": "93a3e0a0-a0f7-4803-ab57-3609dfe6e344"
    }
  ],
  "botMessages": [
    {
      "channelContent": {
        "web": {
          "contentFormat": "Markdown",
          "content": "チャネルの会話やチャットで誰かの注意を引くには、@メンションします。 @ と入力し、表示される名前のリストから選択するだけです。 会話で @チーム を使用すると、チームの各ユーザーが通知を受け取ります。 通知の種類は、各ユーザーの設定によって異なります。\n\nヒント：名前を入力してエイリアスを選択するだけで、誰かにメンションすることもできます。 最初に名前を入力し、入力を続けると、該当するユーザーまたは一致するユーザーのリストが表示されます。 @メンションしたいユーザーを選択します。"
        }
      },
      "id": "429fc1a3-c771-45ec-804c-acb45e018ca6",
      "createdTime": "2021-03-25T06:43:08.5591285Z",
      "updatedTime": "2021-03-25T06:43:08.5591285Z",
      "createdUserId": "93a3e0a0-a0f7-4803-ab57-3609dfe6e344",
      "updatedUserId": "93a3e0a0-a0f7-4803-ab57-3609dfe6e344"
    }
  ],
  "createdUtc": "0001-01-01T00:00:00Z"
}