{
  "intents": [
    {
      "triggerQueries": [
        "チーム メンバーとは？"
      ],
      "dialogId": "new_topic_189374574d49452dab23d08305f622cf",
      "isTriggeringEnabled": true,
      "id": "new_topic_189374574d49452dab23d08305f622cf",
      "displayName": "チーム メンバーとは？",
      "description": "https://adoptionbot-test.azurewebsites.net/adoptbot2021-Japanese.xlsx",
      "createdTime": "2021-03-25T06:43:08.5581282Z",
      "updatedTime": "2021-03-25T06:53:18.2005027Z",
      "createdUserId": "93a3e0a0-a0f7-4803-ab57-3609dfe6e344",
      "updatedUserId": "93a3e0a0-a0f7-4803-ab57-3609dfe6e344"
    }
  ],
  "dialogs": [
    {
      "rootNodeId": "6cf790ad-c6bb-4966-8a08-fde6166b53cd",
      "messageNodes": [
        {
          "botMessageId": "afd9fb36-71c9-47bc-a9d1-8979b84b18ad",
          "nodeType": "BotMessageNode",
          "id": "6cf790ad-c6bb-4966-8a08-fde6166b53cd",
          "defaultTargetNodeId": "6b533e5c-0cb3-471d-a11a-4a26f4740e6f"
        }
      ],
      "dialogChangeNodes": [
        {
          "targetDialogId": "new_topic_9215a13fa73a4559acc63305146a7bd8_aeabea4d071f415c8c107e1cb7af5424_assumedsuccess",
          "nodeType": "DialogChangeNode",
          "id": "6b533e5c-0cb3-471d-a11a-4a26f4740e6f"
        }
      ],
      "id": "new_topic_189374574d49452dab23d08305f622cf",
      "displayName": "Dialog for チーム メンバーとは？",
      "createdTime": "2021-03-25T06:43:08.5581282Z",
      "updatedTime": "2021-03-25T06:43:08.5581282Z",
      "createdUserId": "93a3e0a0-a0f7-4803-ab57-3609dfe6e344",
      "updatedUserId": "93a3e0a0-a0f7-4803-ab57-3609dfe6e344"
    }
  ],
  "botMessages": [
    {
      "channelContent": {
        "web": {
          "contentFormat": "Markdown",
          "content": "チームの所有者が招待したユーザーです。"
        }
      },
      "id": "afd9fb36-71c9-47bc-a9d1-8979b84b18ad",
      "createdTime": "2021-03-25T06:43:08.5581282Z",
      "updatedTime": "2021-03-25T06:43:08.5581282Z",
      "createdUserId": "93a3e0a0-a0f7-4803-ab57-3609dfe6e344",
      "updatedUserId": "93a3e0a0-a0f7-4803-ab57-3609dfe6e344"
    }
  ],
  "createdUtc": "0001-01-01T00:00:00Z"
}