{
  "intents": [
    {
      "triggerQueries": [
        "チーム全体を@メンションする方法は？"
      ],
      "dialogId": "new_topic_e884dfb54f0142518e7ba404b7e8f9bf",
      "isTriggeringEnabled": true,
      "id": "new_topic_e884dfb54f0142518e7ba404b7e8f9bf",
      "displayName": "チーム全体を@メンションする方法は？",
      "description": "https://adoptionbot-test.azurewebsites.net/adoptbot2021-Japanese.xlsx",
      "createdTime": "2021-03-25T06:43:08.5591285Z",
      "updatedTime": "2021-03-25T06:46:54.0074125Z",
      "createdUserId": "93a3e0a0-a0f7-4803-ab57-3609dfe6e344",
      "updatedUserId": "93a3e0a0-a0f7-4803-ab57-3609dfe6e344"
    }
  ],
  "dialogs": [
    {
      "rootNodeId": "258d13e8-61de-4357-9576-ec2aa95f0ec7",
      "messageNodes": [
        {
          "botMessageId": "be4f41ac-64b2-4a99-bf60-3626333b3f9c",
          "nodeType": "BotMessageNode",
          "id": "258d13e8-61de-4357-9576-ec2aa95f0ec7",
          "defaultTargetNodeId": "0a77029b-01c5-4233-a0a4-f0acccb56edf"
        }
      ],
      "dialogChangeNodes": [
        {
          "targetDialogId": "new_topic_9215a13fa73a4559acc63305146a7bd8_aeabea4d071f415c8c107e1cb7af5424_assumedsuccess",
          "nodeType": "DialogChangeNode",
          "id": "0a77029b-01c5-4233-a0a4-f0acccb56edf"
        }
      ],
      "id": "new_topic_e884dfb54f0142518e7ba404b7e8f9bf",
      "displayName": "Dialog for チーム全体を@メンションする方法は？",
      "createdTime": "2021-03-25T06:43:08.5591285Z",
      "updatedTime": "2021-03-26T07:08:57.6096156Z",
      "createdUserId": "93a3e0a0-a0f7-4803-ab57-3609dfe6e344",
      "updatedUserId": "93a3e0a0-a0f7-4803-ab57-3609dfe6e344"
    }
  ],
  "botMessages": [
    {
      "channelContent": {
        "web": {
          "contentFormat": "Markdown",
          "content": "チーム内の全員の注意を引くために、チーム名を@メンションします。 @チーム と入力し、表示されるメニューからチーム名を選択するだけです。\n\n＠チーム チーム名で、チームのすべてのユーザーが通知を受け取ります。 通知の種類は、各ユーザーの設定によって異なります。 このオプションは、電子メールで 「全員に返信」 を使用する場合と同じなので、慎重に使用してください。"
        }
      },
      "id": "be4f41ac-64b2-4a99-bf60-3626333b3f9c",
      "createdTime": "2021-03-25T06:43:08.5591285Z",
      "updatedTime": "2021-03-25T06:43:08.5591285Z",
      "createdUserId": "93a3e0a0-a0f7-4803-ab57-3609dfe6e344",
      "updatedUserId": "93a3e0a0-a0f7-4803-ab57-3609dfe6e344"
    }
  ],
  "createdUtc": "0001-01-01T00:00:00Z"
}