{
  "intents": [
    {
      "triggerQueries": [
        "Office を実行できるデバイスは？"
      ],
      "dialogId": "new_topic_bbb59c9c20ba4f75a748feed54e2b791",
      "isTriggeringEnabled": true,
      "id": "new_topic_bbb59c9c20ba4f75a748feed54e2b791",
      "displayName": "Office を実行できるデバイスは？",
      "description": "https://adoptionbot-test.azurewebsites.net/adoptbot2021-Japanese.xlsx",
      "createdTime": "2021-03-25T06:43:08.5581282Z",
      "updatedTime": "2021-03-25T06:55:17.8197798Z",
      "createdUserId": "93a3e0a0-a0f7-4803-ab57-3609dfe6e344",
      "updatedUserId": "93a3e0a0-a0f7-4803-ab57-3609dfe6e344"
    }
  ],
  "dialogs": [
    {
      "rootNodeId": "f0cf8ba0-05f4-44d4-be7f-246bf6a77a11",
      "messageNodes": [
        {
          "botMessageId": "5fdbb803-ccfc-4388-8fb9-897690efbf3c",
          "nodeType": "BotMessageNode",
          "id": "f0cf8ba0-05f4-44d4-be7f-246bf6a77a11",
          "defaultTargetNodeId": "b9aa7159-8675-401c-92d9-7faf6d982c96"
        }
      ],
      "dialogChangeNodes": [
        {
          "targetDialogId": "new_topic_9215a13fa73a4559acc63305146a7bd8_aeabea4d071f415c8c107e1cb7af5424_assumedsuccess",
          "nodeType": "DialogChangeNode",
          "id": "b9aa7159-8675-401c-92d9-7faf6d982c96"
        }
      ],
      "id": "new_topic_bbb59c9c20ba4f75a748feed54e2b791",
      "displayName": "Dialog for Office を実行できるデバイスは？",
      "createdTime": "2021-03-25T06:43:08.5581282Z",
      "updatedTime": "2021-03-26T01:37:53.0991144Z",
      "createdUserId": "93a3e0a0-a0f7-4803-ab57-3609dfe6e344",
      "updatedUserId": "93a3e0a0-a0f7-4803-ab57-3609dfe6e344"
    }
  ],
  "botMessages": [
    {
      "channelContent": {
        "web": {
          "contentFormat": "Markdown",
          "content": "Office 365 は、Windows、Mac、iPhone、Android と互換性があります。 Windows と macOS の互換性のあるバージョン、およびその他の機能要件については、[システム要件](https://www.microsoft.com/ja-jp/microsoft-365/microsoft-365-and-office-resources)を参照してください。"
        }
      },
      "id": "5fdbb803-ccfc-4388-8fb9-897690efbf3c",
      "createdTime": "2021-03-25T06:43:08.5581282Z",
      "updatedTime": "2021-03-25T06:43:08.5581282Z",
      "createdUserId": "93a3e0a0-a0f7-4803-ab57-3609dfe6e344",
      "updatedUserId": "93a3e0a0-a0f7-4803-ab57-3609dfe6e344"
    }
  ],
  "createdUtc": "0001-01-01T00:00:00Z"
}