{
  "intents": [
    {
      "triggerQueries": [
        "アナウンスはどのように 行うのですか？"
      ],
      "dialogId": "new_topic_9d81c9d0fad14d3f9f76621e089ea114",
      "isTriggeringEnabled": true,
      "id": "new_topic_9d81c9d0fad14d3f9f76621e089ea114",
      "displayName": "アナウンスはどのように 行うのですか？",
      "description": "https://adoptionbot-test.azurewebsites.net/adoptbot2021-Japanese.xlsx",
      "createdTime": "2021-03-25T06:43:08.5591285Z",
      "updatedTime": "2021-03-25T06:48:27.6247723Z",
      "createdUserId": "93a3e0a0-a0f7-4803-ab57-3609dfe6e344",
      "updatedUserId": "93a3e0a0-a0f7-4803-ab57-3609dfe6e344"
    }
  ],
  "dialogs": [
    {
      "rootNodeId": "450ed183-2714-4649-9fd2-f3017a0ebb70",
      "messageNodes": [
        {
          "botMessageId": "4cb2a2cd-fa89-4c6b-b42c-5336ec656bf5",
          "nodeType": "BotMessageNode",
          "id": "450ed183-2714-4649-9fd2-f3017a0ebb70",
          "defaultTargetNodeId": "198e8df7-488c-4a0b-939c-19613b7b5cf3"
        }
      ],
      "dialogChangeNodes": [
        {
          "targetDialogId": "new_topic_9215a13fa73a4559acc63305146a7bd8_aeabea4d071f415c8c107e1cb7af5424_assumedsuccess",
          "nodeType": "DialogChangeNode",
          "id": "198e8df7-488c-4a0b-939c-19613b7b5cf3"
        }
      ],
      "id": "new_topic_9d81c9d0fad14d3f9f76621e089ea114",
      "displayName": "Dialog for アナウンスはどのように 行うのですか？",
      "createdTime": "2021-03-25T06:43:08.5591285Z",
      "updatedTime": "2021-03-26T06:54:35.5564093Z",
      "createdUserId": "93a3e0a0-a0f7-4803-ab57-3609dfe6e344",
      "updatedUserId": "93a3e0a0-a0f7-4803-ab57-3609dfe6e344"
    }
  ],
  "botMessages": [
    {
      "channelContent": {
        "web": {
          "contentFormat": "Markdown",
          "content": "他の会話より目立つように、アナウンスをする事ができます。\n\nアナウンスを作成するには、(ペン付きの A のような) 書式設定ボタンを選択し、\\[新しい投稿\\] のドロップダウンメニューをクリックし、\\[アナウンス\\] を選択します。\n\nより効果的な背景画像を選択します。"
        }
      },
      "id": "4cb2a2cd-fa89-4c6b-b42c-5336ec656bf5",
      "createdTime": "2021-03-25T06:43:08.5591285Z",
      "updatedTime": "2021-03-25T06:43:08.5591285Z",
      "createdUserId": "93a3e0a0-a0f7-4803-ab57-3609dfe6e344",
      "updatedUserId": "93a3e0a0-a0f7-4803-ab57-3609dfe6e344"
    }
  ],
  "createdUtc": "0001-01-01T00:00:00Z"
}