{
  "intents": [
    {
      "triggerQueries": [
        "OneDrive に保存したドキュメントはオフラインでも利用できますか？"
      ],
      "dialogId": "new_topic_5c0e0bcce9264cef9fb2be833e3a9141",
      "isTriggeringEnabled": true,
      "id": "new_topic_5c0e0bcce9264cef9fb2be833e3a9141",
      "displayName": "OneDrive に保存したドキュメントはオフラインでも利用できますか？",
      "description": "https://adoptionbot-test.azurewebsites.net/adoptbot2021-Japanese.xlsx",
      "createdTime": "2021-03-25T06:43:08.5581282Z",
      "updatedTime": "2021-03-25T06:55:45.933372Z",
      "createdUserId": "93a3e0a0-a0f7-4803-ab57-3609dfe6e344",
      "updatedUserId": "93a3e0a0-a0f7-4803-ab57-3609dfe6e344"
    }
  ],
  "dialogs": [
    {
      "rootNodeId": "3748bc28-3a45-432c-86f8-fec3ec0f3fb6",
      "messageNodes": [
        {
          "botMessageId": "b5ca8cef-ec00-48b3-acf7-b407ff906a6b",
          "nodeType": "BotMessageNode",
          "id": "3748bc28-3a45-432c-86f8-fec3ec0f3fb6",
          "defaultTargetNodeId": "d9c8f30e-2c15-420a-aaab-64c5a6907c39"
        }
      ],
      "dialogChangeNodes": [
        {
          "targetDialogId": "new_topic_9215a13fa73a4559acc63305146a7bd8_aeabea4d071f415c8c107e1cb7af5424_assumedsuccess",
          "nodeType": "DialogChangeNode",
          "id": "d9c8f30e-2c15-420a-aaab-64c5a6907c39"
        }
      ],
      "id": "new_topic_5c0e0bcce9264cef9fb2be833e3a9141",
      "displayName": "Dialog for OneDrive に保存したドキュメントはオフラインでも利用できますか？",
      "createdTime": "2021-03-25T06:43:08.5581282Z",
      "updatedTime": "2021-03-26T01:25:37.8001358Z",
      "createdUserId": "93a3e0a0-a0f7-4803-ab57-3609dfe6e344",
      "updatedUserId": "93a3e0a0-a0f7-4803-ab57-3609dfe6e344"
    }
  ],
  "botMessages": [
    {
      "channelContent": {
        "web": {
          "contentFormat": "Markdown",
          "content": "Windows 10 を使用している場合は、OneDrive がプレインストールされています。 インターネットに接続していないときにドキュメントにアクセスするには、PC でエクスプローラーを開き、OneDrive フォルダーに移動しドキュメントを編集します。 オフラインで行った変更は、再接続することで、オンラインのドキュメントが更新されます。\n\n詳細については、[Windows の OneDrive とファイルを同期する](https://support.microsoft.com/ja-jp/office/windows-%e3%81%ae-onedrive-%e3%81%a8%e3%83%95%e3%82%a1%e3%82%a4%e3%83%ab%e3%82%92%e5%90%8c%e6%9c%9f%e3%81%99%e3%82%8b-615391c4-2bd3-4aae-a42a-858262e42a49?ui=ja-JP&rs=ja-JP&ad=JP) を参照してください。"
        }
      },
      "id": "b5ca8cef-ec00-48b3-acf7-b407ff906a6b",
      "createdTime": "2021-03-25T06:43:08.5581282Z",
      "updatedTime": "2021-03-25T06:43:08.5581282Z",
      "createdUserId": "93a3e0a0-a0f7-4803-ab57-3609dfe6e344",
      "updatedUserId": "93a3e0a0-a0f7-4803-ab57-3609dfe6e344"
    }
  ],
  "createdUtc": "0001-01-01T00:00:00Z"
}