{
  "intents": [
    {
      "triggerQueries": [
        "プライベートチャットを開始する方法は？"
      ],
      "dialogId": "new_topic_99ddc6bf5d1a4bd282fea4b75347d121",
      "isTriggeringEnabled": true,
      "id": "new_topic_99ddc6bf5d1a4bd282fea4b75347d121",
      "displayName": "プライベートチャットを開始する方法は？",
      "description": "https://adoptionbot-test.azurewebsites.net/adoptbot2021-Japanese.xlsx",
      "createdTime": "2021-03-25T06:43:08.5581282Z",
      "updatedTime": "2021-03-25T06:53:22.2461589Z",
      "createdUserId": "93a3e0a0-a0f7-4803-ab57-3609dfe6e344",
      "updatedUserId": "93a3e0a0-a0f7-4803-ab57-3609dfe6e344"
    }
  ],
  "dialogs": [
    {
      "rootNodeId": "005fa734-3dd9-4ca0-9c81-abdedbc44c0f",
      "messageNodes": [
        {
          "botMessageId": "ccdbc82d-9e77-444d-814c-1df7fedab6f1",
          "nodeType": "BotMessageNode",
          "id": "005fa734-3dd9-4ca0-9c81-abdedbc44c0f",
          "defaultTargetNodeId": "61c927f4-7528-447a-9b51-2486872ec417"
        }
      ],
      "dialogChangeNodes": [
        {
          "targetDialogId": "new_topic_9215a13fa73a4559acc63305146a7bd8_aeabea4d071f415c8c107e1cb7af5424_assumedsuccess",
          "nodeType": "DialogChangeNode",
          "id": "61c927f4-7528-447a-9b51-2486872ec417"
        }
      ],
      "id": "new_topic_99ddc6bf5d1a4bd282fea4b75347d121",
      "displayName": "Dialog for プライベートチャットを開始する方法は？",
      "createdTime": "2021-03-25T06:43:08.5581282Z",
      "updatedTime": "2021-03-26T02:23:54.6987709Z",
      "createdUserId": "93a3e0a0-a0f7-4803-ab57-3609dfe6e344",
      "updatedUserId": "93a3e0a0-a0f7-4803-ab57-3609dfe6e344"
    }
  ],
  "botMessages": [
    {
      "channelContent": {
        "web": {
          "contentFormat": "Markdown",
          "content": "検索バーに、 チャット相手の名前を入力します 。相手を選択し、メッセージを入力して \\[送信\\] 矢印をクリックします。\n\n外部ユーザーの場合は、そのユーザーの電子メール アドレスを入力します。\n\n_注意：それぞれの組織での技術的な前提条件が必要になります。_\n\n[_別の組織のユーザーと通信する_](https://docs.microsoft.com/ja-jp/microsoftteams/communicate-with-users-from-other-organizations)"
        }
      },
      "id": "ccdbc82d-9e77-444d-814c-1df7fedab6f1",
      "createdTime": "2021-03-25T06:43:08.5581282Z",
      "updatedTime": "2021-03-25T06:43:08.5581282Z",
      "createdUserId": "93a3e0a0-a0f7-4803-ab57-3609dfe6e344",
      "updatedUserId": "93a3e0a0-a0f7-4803-ab57-3609dfe6e344"
    }
  ],
  "createdUtc": "0001-01-01T00:00:00Z"
}