{
  "intents": [
    {
      "triggerQueries": [
        "チームに参加できるメンバーの最大人数は？"
      ],
      "dialogId": "new_topic_5351d4c68176437a820410b390cc578c",
      "isTriggeringEnabled": true,
      "id": "new_topic_5351d4c68176437a820410b390cc578c",
      "displayName": "チームに参加できるメンバーの最大人数は？",
      "description": "https://adoptionbot-test.azurewebsites.net/adoptbot2021-Japanese.xlsx",
      "createdTime": "2021-03-25T06:43:08.5581282Z",
      "updatedTime": "2021-03-25T06:54:13.2829249Z",
      "createdUserId": "93a3e0a0-a0f7-4803-ab57-3609dfe6e344",
      "updatedUserId": "93a3e0a0-a0f7-4803-ab57-3609dfe6e344"
    }
  ],
  "dialogs": [
    {
      "rootNodeId": "14205cd7-d8c4-4ad3-a864-d9ae2da5007d",
      "messageNodes": [
        {
          "botMessageId": "ce22c738-7335-4cf5-891a-1e4a810a7da2",
          "nodeType": "BotMessageNode",
          "id": "14205cd7-d8c4-4ad3-a864-d9ae2da5007d",
          "defaultTargetNodeId": "b63ef717-ff62-40cb-855e-2d9c7b0b79af"
        }
      ],
      "dialogChangeNodes": [
        {
          "targetDialogId": "new_topic_9215a13fa73a4559acc63305146a7bd8_aeabea4d071f415c8c107e1cb7af5424_assumedsuccess",
          "nodeType": "DialogChangeNode",
          "id": "b63ef717-ff62-40cb-855e-2d9c7b0b79af"
        }
      ],
      "id": "new_topic_5351d4c68176437a820410b390cc578c",
      "displayName": "Dialog for チームに参加できるメンバーの最大人数は？",
      "createdTime": "2021-03-25T06:43:08.5581282Z",
      "updatedTime": "2021-03-26T02:00:20.698954Z",
      "createdUserId": "93a3e0a0-a0f7-4803-ab57-3609dfe6e344",
      "updatedUserId": "93a3e0a0-a0f7-4803-ab57-3609dfe6e344"
    }
  ],
  "botMessages": [
    {
      "channelContent": {
        "web": {
          "contentFormat": "Markdown",
          "content": "[チームのメンバーの最大人数](https://docs.microsoft.com/ja-jp/microsoftteams/limits-specifications-teams#teams-and-channels)は現在 10,000 人 (2021 年初頭) です。 人数制限については、最新ニュースのリンクをクリックしてください。\n\n2021年には、[チームあたり 25,000 人](https://www.microsoft.com/ja-jp/microsoft-365/roadmap?filters=&searchterms=68723)に上限が引き上げられます。"
        }
      },
      "id": "ce22c738-7335-4cf5-891a-1e4a810a7da2",
      "createdTime": "2021-03-25T06:43:08.5581282Z",
      "updatedTime": "2021-03-25T06:43:08.5581282Z",
      "createdUserId": "93a3e0a0-a0f7-4803-ab57-3609dfe6e344",
      "updatedUserId": "93a3e0a0-a0f7-4803-ab57-3609dfe6e344"
    }
  ],
  "createdUtc": "0001-01-01T00:00:00Z"
}