{
  "intents": [
    {
      "triggerQueries": [
        "会議参加者の人数制限は？"
      ],
      "dialogId": "new_topic_6e89610509eb465281976f1059b9e9a8",
      "isTriggeringEnabled": true,
      "id": "new_topic_6e89610509eb465281976f1059b9e9a8",
      "displayName": "会議参加者の人数制限は？",
      "description": "https://adoptionbot-test.azurewebsites.net/adoptbot2021-Japanese.xlsx",
      "createdTime": "2021-03-25T06:43:08.5581282Z",
      "updatedTime": "2021-03-25T06:54:26.3346846Z",
      "createdUserId": "93a3e0a0-a0f7-4803-ab57-3609dfe6e344",
      "updatedUserId": "93a3e0a0-a0f7-4803-ab57-3609dfe6e344"
    }
  ],
  "dialogs": [
    {
      "rootNodeId": "9dbcf546-a7fc-4f64-b975-1eb9a7efe61c",
      "messageNodes": [
        {
          "botMessageId": "ea133a48-db67-4f77-bcfc-166a3b5282af",
          "nodeType": "BotMessageNode",
          "id": "9dbcf546-a7fc-4f64-b975-1eb9a7efe61c",
          "defaultTargetNodeId": "18c3650d-4e4e-469e-b175-15c0eb125674"
        }
      ],
      "dialogChangeNodes": [
        {
          "targetDialogId": "new_topic_9215a13fa73a4559acc63305146a7bd8_aeabea4d071f415c8c107e1cb7af5424_assumedsuccess",
          "nodeType": "DialogChangeNode",
          "id": "18c3650d-4e4e-469e-b175-15c0eb125674"
        }
      ],
      "id": "new_topic_6e89610509eb465281976f1059b9e9a8",
      "displayName": "Dialog for 会議参加者の人数制限は？",
      "createdTime": "2021-03-25T06:43:08.5581282Z",
      "updatedTime": "2021-03-26T02:06:41.9768943Z",
      "createdUserId": "93a3e0a0-a0f7-4803-ab57-3609dfe6e344",
      "updatedUserId": "93a3e0a0-a0f7-4803-ab57-3609dfe6e344"
    }
  ],
  "botMessages": [
    {
      "channelContent": {
        "web": {
          "contentFormat": "Markdown",
          "content": "[通常の Teams 会議に参加できるユーザー数の最大](https://docs.microsoft.com/ja-jp/microsoftteams/limits-specifications-teams#meetings-and-calls)は現在 300 人 (2021 年初頭) です。人数制限については、最新ニュースのリンクをクリックしてください。\n\n2021年には、通常の Teams 会議で、[参加者は 1,000 人](https://www.microsoft.com/ja-jp/microsoft-365/roadmap?filters=&searchterms=65951)、[パッシブ ビューアーは 20,000 人](https://www.microsoft.com/ja-jp/microsoft-365/roadmap?filters=&searchterms=65952)に制限が引き上げられます。 参加者人数の上限に達すると、次の参加者には自動的に表示が行われます。"
        }
      },
      "id": "ea133a48-db67-4f77-bcfc-166a3b5282af",
      "createdTime": "2021-03-25T06:43:08.5581282Z",
      "updatedTime": "2021-03-25T06:43:08.5581282Z",
      "createdUserId": "93a3e0a0-a0f7-4803-ab57-3609dfe6e344",
      "updatedUserId": "93a3e0a0-a0f7-4803-ab57-3609dfe6e344"
    }
  ],
  "createdUtc": "0001-01-01T00:00:00Z"
}