{
  "intents": [
    {
      "triggerQueries": [
        "新しいチームを作成する方法は？"
      ],
      "dialogId": "new_topic_52258c29a74e46baa32b6a0a782a3241",
      "isTriggeringEnabled": true,
      "id": "new_topic_52258c29a74e46baa32b6a0a782a3241",
      "displayName": "新しいチームを作成する方法は？",
      "description": "https://adoptionbot-test.azurewebsites.net/adoptbot2021-Japanese.xlsx",
      "createdTime": "2021-03-25T06:43:08.5581282Z",
      "updatedTime": "2021-03-25T06:51:30.2350805Z",
      "createdUserId": "93a3e0a0-a0f7-4803-ab57-3609dfe6e344",
      "updatedUserId": "93a3e0a0-a0f7-4803-ab57-3609dfe6e344"
    }
  ],
  "dialogs": [
    {
      "rootNodeId": "a7943ce0-d06d-4ecc-8e47-5545f86e6977",
      "messageNodes": [
        {
          "botMessageId": "634e0513-0b88-4a9a-b913-69042eebc8b4",
          "nodeType": "BotMessageNode",
          "id": "a7943ce0-d06d-4ecc-8e47-5545f86e6977",
          "defaultTargetNodeId": "a8061cfa-60c2-429c-b486-d7993733f0fb"
        }
      ],
      "dialogChangeNodes": [
        {
          "targetDialogId": "new_topic_9215a13fa73a4559acc63305146a7bd8_aeabea4d071f415c8c107e1cb7af5424_assumedsuccess",
          "nodeType": "DialogChangeNode",
          "id": "a8061cfa-60c2-429c-b486-d7993733f0fb"
        }
      ],
      "id": "new_topic_52258c29a74e46baa32b6a0a782a3241",
      "displayName": "Dialog for 新しいチームを作成する方法は？",
      "createdTime": "2021-03-25T06:43:08.5581282Z",
      "updatedTime": "2021-03-26T04:24:17.8347702Z",
      "createdUserId": "93a3e0a0-a0f7-4803-ab57-3609dfe6e344",
      "updatedUserId": "93a3e0a0-a0f7-4803-ab57-3609dfe6e344"
    }
  ],
  "botMessages": [
    {
      "channelContent": {
        "web": {
          "contentFormat": "Markdown",
          "content": "アプリの左側にある **\\[チーム\\] ボタンをクリック**し、チームリストの下部にある **\\[チームに参加、またはチームを作成\\]** をクリックします。**\\[チームを作成\\]** をクリックします。そこから、ユーザーや連絡先グループ全体 (\"配布リスト\" とも呼ばれます) をチームに招待できます。\n\n新しいチームが作成できたら、[新しいチャネルを追加する](https://support.microsoft.com/ja-jp/office/teams-%e3%81%a7%e3%83%81%e3%83%a3%e3%83%8d%e3%83%ab%e3%82%92%e4%bd%9c%e6%88%90%e3%81%99%e3%82%8b-fda0b75e-5b90-4fb8-8857-7e102b014525?ui=ja-JP&rs=ja-JP&ad=JP)こともできます。 あるいは、プロジェクトを支援するために組織の外部からゲストを招待することもできます。\n\n_注意：管理者によって、これらのオプションが変更されている可能性があります。_"
        }
      },
      "id": "634e0513-0b88-4a9a-b913-69042eebc8b4",
      "createdTime": "2021-03-25T06:43:08.5581282Z",
      "updatedTime": "2021-03-25T06:43:08.5581282Z",
      "createdUserId": "93a3e0a0-a0f7-4803-ab57-3609dfe6e344",
      "updatedUserId": "93a3e0a0-a0f7-4803-ab57-3609dfe6e344"
    }
  ],
  "createdUtc": "0001-01-01T00:00:00Z"
}