{
  "intents": [
    {
      "triggerQueries": [
        "参加者は、Microsoft Teams の会議中に、国際電話番号にダイヤル アウトできますか？"
      ],
      "dialogId": "new_topic_26ed76dfbc2f4b59ab9886c904b93665",
      "isTriggeringEnabled": true,
      "id": "new_topic_26ed76dfbc2f4b59ab9886c904b93665",
      "displayName": "参加者は、Microsoft Teams の会議中に、国際電話番号にダイヤル アウトできますか？",
      "description": "https://adoptionbot-test.azurewebsites.net/adoptbot2021-Japanese.xlsx",
      "createdTime": "2021-03-25T06:43:08.5581282Z",
      "updatedTime": "2021-03-25T06:57:25.8697269Z",
      "createdUserId": "93a3e0a0-a0f7-4803-ab57-3609dfe6e344",
      "updatedUserId": "93a3e0a0-a0f7-4803-ab57-3609dfe6e344"
    }
  ],
  "dialogs": [
    {
      "rootNodeId": "0392701c-1910-4d91-8c59-97bce0c933c6",
      "messageNodes": [
        {
          "botMessageId": "12d7e92e-3322-4a7c-8d53-bc4c60ce35e6",
          "nodeType": "BotMessageNode",
          "id": "0392701c-1910-4d91-8c59-97bce0c933c6",
          "defaultTargetNodeId": "c7d5636c-7de9-401f-9ac1-e0ceb99c8e6d"
        }
      ],
      "dialogChangeNodes": [
        {
          "targetDialogId": "new_topic_9215a13fa73a4559acc63305146a7bd8_aeabea4d071f415c8c107e1cb7af5424_assumedsuccess",
          "nodeType": "DialogChangeNode",
          "id": "c7d5636c-7de9-401f-9ac1-e0ceb99c8e6d"
        }
      ],
      "id": "new_topic_26ed76dfbc2f4b59ab9886c904b93665",
      "displayName": "Dialog for 参加者は、Microsoft Teams の会議中に、国際電話番号にダイヤル アウトできますか？",
      "createdTime": "2021-03-25T06:43:08.5581282Z",
      "updatedTime": "2021-03-25T12:17:54.3670802Z",
      "createdUserId": "93a3e0a0-a0f7-4803-ab57-3609dfe6e344",
      "updatedUserId": "93a3e0a0-a0f7-4803-ab57-3609dfe6e344"
    }
  ],
  "botMessages": [
    {
      "channelContent": {
        "web": {
          "contentFormat": "Markdown",
          "content": "はい、参加者は国際通話にダイヤル アウトし、他の発信者をMicrosoft Teams 会議に招待できます。\n\n参照：[他のユーザーが参加できるように Microsoft Teams 会議からダイヤル アウトする](https://docs.microsoft.com/ja-jp/microsoftteams/dialing-out-from-a-teams-meeting-so-other-people-can-join-it)"
        }
      },
      "id": "12d7e92e-3322-4a7c-8d53-bc4c60ce35e6",
      "createdTime": "2021-03-25T06:43:08.5581282Z",
      "updatedTime": "2021-03-25T06:43:08.5581282Z",
      "createdUserId": "93a3e0a0-a0f7-4803-ab57-3609dfe6e344",
      "updatedUserId": "93a3e0a0-a0f7-4803-ab57-3609dfe6e344"
    }
  ],
  "createdUtc": "0001-01-01T00:00:00Z"
}