{
  "intents": [
    {
      "triggerQueries": [
        "ライブ イベントとは何ですか？"
      ],
      "dialogId": "new_topic_ec760cb9dcc74f348bda103193ed7bfd",
      "isTriggeringEnabled": true,
      "id": "new_topic_ec760cb9dcc74f348bda103193ed7bfd",
      "displayName": "ライブ イベントとは何ですか？",
      "description": "https://adoptionbot-test.azurewebsites.net/adoptbot2021-Japanese.xlsx",
      "createdTime": "2021-03-25T06:43:08.5591285Z",
      "updatedTime": "2021-03-25T06:50:16.7512972Z",
      "createdUserId": "93a3e0a0-a0f7-4803-ab57-3609dfe6e344",
      "updatedUserId": "93a3e0a0-a0f7-4803-ab57-3609dfe6e344"
    }
  ],
  "dialogs": [
    {
      "rootNodeId": "3aa6fb24-76cc-4a94-ad6b-2747b08859c4",
      "messageNodes": [
        {
          "botMessageId": "e2a26252-fe2c-4624-b17e-da38ad7b97a1",
          "nodeType": "BotMessageNode",
          "id": "3aa6fb24-76cc-4a94-ad6b-2747b08859c4",
          "defaultTargetNodeId": "8e9f1efa-9532-4325-8a94-a46649ccfe02"
        }
      ],
      "dialogChangeNodes": [
        {
          "targetDialogId": "new_topic_9215a13fa73a4559acc63305146a7bd8_aeabea4d071f415c8c107e1cb7af5424_assumedsuccess",
          "nodeType": "DialogChangeNode",
          "id": "8e9f1efa-9532-4325-8a94-a46649ccfe02"
        }
      ],
      "id": "new_topic_ec760cb9dcc74f348bda103193ed7bfd",
      "displayName": "Dialog for ライブ イベントとは何ですか？",
      "createdTime": "2021-03-25T06:43:08.5591285Z",
      "updatedTime": "2021-03-26T06:13:20.1098136Z",
      "createdUserId": "93a3e0a0-a0f7-4803-ab57-3609dfe6e344",
      "updatedUserId": "93a3e0a0-a0f7-4803-ab57-3609dfe6e344"
    }
  ],
  "botMessages": [
    {
      "channelContent": {
        "web": {
          "contentFormat": "Markdown",
          "content": "Teams のライブ イベントを使用すると、組織内のユーザーはビデオと会議のコンテンツを多数のオンライン視聴者にブロードキャストできます。 [「Microsoft Teams のライブ イベントについて」](https://docs.microsoft.com/ja-jp/microsoftteams/teams-live-events/what-are-teams-live-events) を参照してください"
        }
      },
      "id": "e2a26252-fe2c-4624-b17e-da38ad7b97a1",
      "createdTime": "2021-03-25T06:43:08.5591285Z",
      "updatedTime": "2021-03-25T06:43:08.5591285Z",
      "createdUserId": "93a3e0a0-a0f7-4803-ab57-3609dfe6e344",
      "updatedUserId": "93a3e0a0-a0f7-4803-ab57-3609dfe6e344"
    }
  ],
  "createdUtc": "0001-01-01T00:00:00Z"
}