{
  "intents": [
    {
      "triggerQueries": [
        "Together モードをオンにする方法は？"
      ],
      "dialogId": "new_topic_6d22e397338d46348edef0080c58c792",
      "isTriggeringEnabled": true,
      "id": "new_topic_6d22e397338d46348edef0080c58c792",
      "displayName": "Together モードをオンにする方法は？",
      "description": "https://adoptionbot-test.azurewebsites.net/adoptbot2021-Japanese.xlsx",
      "createdTime": "2021-03-25T06:43:08.5591285Z",
      "updatedTime": "2021-03-26T05:16:47.4193637Z",
      "createdUserId": "93a3e0a0-a0f7-4803-ab57-3609dfe6e344",
      "updatedUserId": "93a3e0a0-a0f7-4803-ab57-3609dfe6e344"
    }
  ],
  "dialogs": [
    {
      "rootNodeId": "a6bf19aa-8179-4d79-acc4-23f757cbf8ab",
      "messageNodes": [
        {
          "botMessageId": "4e9bd086-7517-4892-9657-a0ca4f4ab9ce",
          "nodeType": "BotMessageNode",
          "id": "a6bf19aa-8179-4d79-acc4-23f757cbf8ab",
          "defaultTargetNodeId": "6c63b761-45c3-4d78-bcc5-14ef2ca0d008"
        }
      ],
      "dialogChangeNodes": [
        {
          "targetDialogId": "new_topic_9215a13fa73a4559acc63305146a7bd8_aeabea4d071f415c8c107e1cb7af5424_assumedsuccess",
          "nodeType": "DialogChangeNode",
          "id": "6c63b761-45c3-4d78-bcc5-14ef2ca0d008"
        }
      ],
      "id": "new_topic_6d22e397338d46348edef0080c58c792",
      "displayName": "Dialog for Together モードをオンにする方法は？",
      "createdTime": "2021-03-25T06:43:08.5591285Z",
      "updatedTime": "2021-03-29T04:13:57.0395474Z",
      "createdUserId": "93a3e0a0-a0f7-4803-ab57-3609dfe6e344",
      "updatedUserId": "93a3e0a0-a0f7-4803-ab57-3609dfe6e344"
    }
  ],
  "botMessages": [
    {
      "channelContent": {
        "web": {
          "contentFormat": "Markdown",
          "content": "Together モードは、一緒にいる感覚を高め、研究によると、デジタル会議での負担を軽減します。 デジタル会議での通常の表示よりも疲れが少なくなる可能性があります。\n\n会議中に会議オプション 「...」 に移動し、「Together モード」 をクリックして表示を有効にします (会議の表示方法にのみ影響します) 。 Together モードで表示するには、カメラをオンにする必要があります。 現在は、背景の選択に応じて、最大50人のユーザーを Together モードで同時に表示することができます。\n\n[「Microsoft Teams でビデオを使用する」](https://support.microsoft.com/ja-jp/office/microsoft-teams-%e3%81%a7%e3%83%93%e3%83%87%e3%82%aa%e3%82%92%e4%bd%bf%e7%94%a8%e3%81%99%e3%82%8b-3647fc29-7b92-4c26-8c2d-8a596904cdae?ui=ja-JP&rs=ja-JP&ad=JP) を参照してください。"
        }
      },
      "id": "4e9bd086-7517-4892-9657-a0ca4f4ab9ce",
      "createdTime": "2021-03-25T06:43:08.5591285Z",
      "updatedTime": "2021-03-25T06:43:08.5591285Z",
      "createdUserId": "93a3e0a0-a0f7-4803-ab57-3609dfe6e344",
      "updatedUserId": "93a3e0a0-a0f7-4803-ab57-3609dfe6e344"
    }
  ],
  "createdUtc": "0001-01-01T00:00:00Z"
}