{
  "intents": [
    {
      "triggerQueries": [
        "Teams に関する最新ニュースはどこで確認できますか？"
      ],
      "dialogId": "new_topic_e0ce6f5028ea4d5583e1eb3b3e343c43",
      "isTriggeringEnabled": true,
      "id": "new_topic_e0ce6f5028ea4d5583e1eb3b3e343c43",
      "displayName": "Teams に関する最新ニュースはどこで確認できますか？",
      "description": "https://adoptionbot-test.azurewebsites.net/adoptbot2021-Japanese.xlsx",
      "createdTime": "2021-03-25T06:43:08.565101Z",
      "updatedTime": "2021-03-25T06:57:09.1099876Z",
      "createdUserId": "93a3e0a0-a0f7-4803-ab57-3609dfe6e344",
      "updatedUserId": "93a3e0a0-a0f7-4803-ab57-3609dfe6e344"
    }
  ],
  "dialogs": [
    {
      "rootNodeId": "6c9343f8-2a6a-42e7-89bf-d32cf4de950b",
      "messageNodes": [
        {
          "botMessageId": "1cc4b6a6-0257-4887-a5b5-9d914aeecbaf",
          "nodeType": "BotMessageNode",
          "id": "6c9343f8-2a6a-42e7-89bf-d32cf4de950b",
          "defaultTargetNodeId": "a4ae0ec0-5c0d-4b57-96e4-b696f01b8a19"
        }
      ],
      "dialogChangeNodes": [
        {
          "targetDialogId": "new_topic_9215a13fa73a4559acc63305146a7bd8_aeabea4d071f415c8c107e1cb7af5424_assumedsuccess",
          "nodeType": "DialogChangeNode",
          "id": "a4ae0ec0-5c0d-4b57-96e4-b696f01b8a19"
        }
      ],
      "id": "new_topic_e0ce6f5028ea4d5583e1eb3b3e343c43",
      "displayName": "Dialog for Teams に関する最新ニュースはどこで確認できますか？",
      "createdTime": "2021-03-25T06:43:08.565101Z",
      "updatedTime": "2021-03-25T12:24:02.9733602Z",
      "createdUserId": "93a3e0a0-a0f7-4803-ab57-3609dfe6e344",
      "updatedUserId": "93a3e0a0-a0f7-4803-ab57-3609dfe6e344"
    }
  ],
  "botMessages": [
    {
      "channelContent": {
        "web": {
          "contentFormat": "Markdown",
          "content": "Teams の検索ボックスに **「/whatsnew」** と入力するだけで確認できます。\n\nTeams の \\[ヘルプ\\] ボタンをクリックして、\\[新着情報\\] を選択することでも確認できます。\n\n_注意：組織がいくつかの機能を無効にしている場合があります。_\n\n[Web 上には、新しい機能も随時公開されています。](https://support.microsoft.com/ja-jp/office/microsoft-teams-%e3%81%ae%e6%96%b0%e6%a9%9f%e8%83%bd-d7092a6d-c896-424c-b362-a472d5f105de?ui=ja-JP&rs=ja-JP&ad=JP#PickTab=Desktop_and_web)\n\n確認したい情報についてデバイスの種類を選択します。"
        }
      },
      "id": "1cc4b6a6-0257-4887-a5b5-9d914aeecbaf",
      "createdTime": "2021-03-25T06:43:08.565101Z",
      "updatedTime": "2021-03-25T06:43:08.565101Z",
      "createdUserId": "93a3e0a0-a0f7-4803-ab57-3609dfe6e344",
      "updatedUserId": "93a3e0a0-a0f7-4803-ab57-3609dfe6e344"
    }
  ],
  "createdUtc": "0001-01-01T00:00:00Z"
}