{
  "intents": [
    {
      "triggerQueries": [
        "チャットやチャネルをピン留めする方法は？"
      ],
      "dialogId": "new_topic_8e00df07414e490f8723293dcbe71d12",
      "isTriggeringEnabled": true,
      "id": "new_topic_8e00df07414e490f8723293dcbe71d12",
      "displayName": "チャットやチャネルをピン留めする方法は？",
      "description": "https://adoptionbot-test.azurewebsites.net/adoptbot2021-Japanese.xlsx",
      "createdTime": "2021-03-25T06:43:08.5591285Z",
      "updatedTime": "2021-03-26T05:20:46.8498061Z",
      "createdUserId": "93a3e0a0-a0f7-4803-ab57-3609dfe6e344",
      "updatedUserId": "93a3e0a0-a0f7-4803-ab57-3609dfe6e344"
    }
  ],
  "dialogs": [
    {
      "rootNodeId": "2cd5840b-3bce-488c-8c08-cfa748a0035e",
      "messageNodes": [
        {
          "botMessageId": "f2e894ae-f20f-4a7c-a9cc-c9c762984f6b",
          "nodeType": "BotMessageNode",
          "id": "2cd5840b-3bce-488c-8c08-cfa748a0035e",
          "defaultTargetNodeId": "38a4a96c-10ea-4d01-ab59-42e69ce68885"
        }
      ],
      "dialogChangeNodes": [
        {
          "targetDialogId": "new_topic_9215a13fa73a4559acc63305146a7bd8_aeabea4d071f415c8c107e1cb7af5424_assumedsuccess",
          "nodeType": "DialogChangeNode",
          "id": "38a4a96c-10ea-4d01-ab59-42e69ce68885"
        }
      ],
      "id": "new_topic_8e00df07414e490f8723293dcbe71d12",
      "displayName": "Dialog for チャットやチャネルをピン留めする方法は？",
      "createdTime": "2021-03-25T06:43:08.5591285Z",
      "updatedTime": "2021-03-29T04:10:04.1765798Z",
      "createdUserId": "93a3e0a0-a0f7-4803-ab57-3609dfe6e344",
      "updatedUserId": "93a3e0a0-a0f7-4803-ab57-3609dfe6e344"
    }
  ],
  "botMessages": [
    {
      "channelContent": {
        "web": {
          "contentFormat": "Markdown",
          "content": "チャットやチャネルをチャットまたはチームのリストの一番上にピン留めできます。\n\n\\[チャット\\] または \\[チーム\\] を選択します。 ピン留めするスレッドまたはチャネルの名前を探します。\n\n次に、**\\[その他のオプション\\] \"...\"> \\[ピン留め\\]** を選択します。\n\nこれにより、チャットまたはチャネルをリストの一番上に表示させておくことができます。\n\nピン留めを外す場合は、\\[ピン留め\\] リストからもう一度選択し、**\\[ピン留めを解除\\]** を選択します。"
        }
      },
      "id": "f2e894ae-f20f-4a7c-a9cc-c9c762984f6b",
      "createdTime": "2021-03-25T06:43:08.5591285Z",
      "updatedTime": "2021-03-25T06:43:08.5591285Z",
      "createdUserId": "93a3e0a0-a0f7-4803-ab57-3609dfe6e344",
      "updatedUserId": "93a3e0a0-a0f7-4803-ab57-3609dfe6e344"
    }
  ],
  "createdUtc": "0001-01-01T00:00:00Z"
}